#name, A, B, C, D, E, F
NODE_0000000, 0.9999770064188437, 1.4790735815672087e-05, 1.7523880297780027e-07, 1.7523856555792203e-07, 3.2419863768891425e-06, 4.6103815952953225e-06
|A/cattle/USA/24-010327-002/2024|H5N1|MP||B3.13|cattle|North_Carolina|2024-04-11, 1.0, 0.0, 0.0, 0.0, 0.0, 0.0
|A/cattle/North_Carolina/24-010327-002/2024|H5N1|MP||B3.13|cattle|North_Carolina|2024-04-04, 1.0, 0.0, 0.0, 0.0, 0.0, 0.0
77.2/90, 0.9999758922231803, 1.557440363386718e-05, 1.800078276547449e-07, 1.8000758320180714e-07, 3.369670465732092e-06, 4.803687309110333e-06
|A/cattle/Kansas/24-008766-001/2024|H5N1|MP||B3.13|cattle|Kansas|2024-03-21, 1.0, 0.0, 0.0, 0.0, 0.0, 0.0
0/12, 0.9999759702721736, 1.56048507122581e-05, 1.7489198711435287e-07, 1.7489174889719626e-07, 3.325179595958514e-06, 4.749913782168877e-06
0/14, 0.999975143132585, 1.6133335338690097e-05, 1.815122208191684e-07, 1.8151197369137825e-07, 3.4414088995592243e-06, 4.919098982320912e-06
84.5/72, 0.999975840979983, 1.561188499778164e-05, 1.8019732164709633e-07, 1.8019707691892248e-07, 3.3748721728798186e-06, 4.811868447803974e-06
|A/cattle/Texas/24-009367-014/2024|H5N1|MP||B3.13|cattle|Texas|2024-03-25, 1.0, 0.0, 0.0, 0.0, 0.0, 0.0
0/93, 0.9999767345528512, 1.503504536431104e-05, 1.734029662568155e-07, 1.7340273069133813e-07, 3.2497963824851347e-06, 4.633799705273836e-06
|A/cattle/Texas/24-009367-005/2024|H5N1|MP||B3.13|cattle|Texas|2024-03-25, 0.9999999999999999, 0.0, 0.0, 0.0, 0.0, 0.0
NODE_0000006, 0.9999767602696862, 1.5015967930965072e-05, 1.7334835601653693e-07, 1.7334812054752176e-07, 3.247284215766527e-06, 4.629781690489941e-06
|A/cattle/Texas/24-009775-001/2024|H5N1|MP||B3.13|cattle|Texas|2024-03-10, 1.0, 0.0, 0.0, 0.0, 0.0, 0.0
NODE_0000007, 0.9999767616429066, 1.5014815670271039e-05, 1.7334767695900055e-07, 1.7334744149129974e-07, 3.2472075527122936e-06, 4.6296387519473125e-06
|A/cattle/Texas/24-009367-013/2024|H5N1|MP||B3.13|cattle|Texas|2024-03-25, 1.0, 0.0, 0.0, 0.0, 0.0, 0.0
NODE_0000008, 0.9999767811269, 1.4998953218503909e-05, 1.7333477996719527e-07, 1.7333454452512006e-07, 3.2459194916293906e-06, 4.627331065261746e-06
|A/cattle/Texas/24-009367-009/2024|H5N1|MP||B3.13|cattle|Texas|2024-03-25, 1.0, 0.0, 0.0, 0.0, 0.0, 0.0
NODE_0000009, 0.9999774296189781, 1.4519194865046687e-05, 1.7195285616037363e-07, 1.7195262316762087e-07, 3.1820253288885098e-06, 4.525255348721824e-06
|A/cattle/Texas/24-009367-003/2024|H5N1|MP||B3.13|cattle|Texas|2024-03-25, 1.0, 0.0, 0.0, 0.0, 0.0, 0.0
|A/cattle/Texas/24-009367-010/2024|H5N1|MP||B3.13|cattle|Texas|2024-03-25, 1.0, 0.0, 0.0, 0.0, 0.0, 0.0
84/68, 0.999975860632928, 1.55992255693964e-05, 1.8004767189394073e-07, 1.8004742736787997e-07, 3.3721094375526493e-06, 4.807936965726639e-06
|A/cattle/USA/24-013270-001/2024|H5N1|MP|||cattle|USA|2024-04-01, 1.0, 0.0, 0.0, 0.0, 0.0, 0.0
0/95, 0.9999767351170906, 1.503462765039864e-05, 1.7340176366574206e-07, 1.73401528102391e-07, 3.2497409174980906e-06, 4.633711049798152e-06
|A/cattle/USA/24-012457-001/2024|H5N1|MP||B3.13|cattle|Texas|2024-05-02, 0.9999999999999999, 0.0, 0.0, 0.0, 0.0, 0.0
NODE_0000012, 0.9999767602670315, 1.5015971963767774e-05, 1.733483483479443e-07, 1.7334811287894627e-07, 3.2472836420345386e-06, 4.6297809014060695e-06
|A/cattle/New_Mexico/24-010330-012-300/2024|H5N1|MP||B3.13|cattle|New_Mexico|2024-04-01, 0.9999999999999999, 0.0, 0.0, 0.0, 0.0, 0.0
NODE_0000013, 0.9999767610223154, 1.501535595635238e-05, 1.7334784987665955e-07, 1.7334761440864933e-07, 3.2472341397915814e-06, 4.629692124274333e-06
|A/cattle/New_Mexico/24-010330-003/2024|H5N1|MP||B3.13|cattle|New_Mexico|2024-04-01, 1.0, 0.0, 0.0, 0.0, 0.0, 0.0
NODE_0000014, 0.9999767610456742, 1.5015335623521761e-05, 1.7334784331354315e-07, 1.7334760784554474e-07, 3.247233137087525e-06, 4.6296901140387495e-06
|A/cattle/New_Mexico/24-010330-004-300/2024|H5N1|MP||B3.13|cattle|New_Mexico|2024-04-01, 1.0, 0.0, 0.0, 0.0, 0.0, 0.0
NODE_0000015, 0.9999767610464118, 1.5015334952539252e-05, 1.733478431795869e-07, 1.7334760771158865e-07, 3.2472331165981597e-06, 4.629690068351018e-06
|A/cattle/USA/24-013710-005/2024|H5N1|MP|||cattle|USA|2024-04-01, 0.9999999999999999, 0.0, 0.0, 0.0, 0.0, 0.0
NODE_0000016, 0.9999767610464353, 1.5015334930400035e-05, 1.733478431759664e-07, 1.733476077079682e-07, 3.2472331161737128e-06, 4.629690067307012e-06
|A/cattle/New_Mexico/24-010193-003/2024|H5N1|MP||B3.13|cattle|New_Mexico|2024-03-29, 1.0, 0.0, 0.0, 0.0, 0.0, 0.0
NODE_0000017, 0.999976761046436, 1.5015334929669612e-05, 1.7334784317585676e-07, 1.7334760770785858e-07, 3.2472331161647355e-06, 4.62969006728297e-06
|A/cattle/New_Mexico/24-010330-013-300/2024|H5N1|MP||B3.13|cattle|New_Mexico|2024-04-01, 1.0, 0.0, 0.0, 0.0, 0.0, 0.0
NODE_0000018, 0.999976761046436, 1.5015334929645529e-05, 1.7334784317585332e-07, 1.7334760770785509e-07, 3.247233116164543e-06, 4.629690067282411e-06
|A/cattle/New_Mexico/24-010330-008-300/2024|H5N1|MP||B3.13|cattle|New_Mexico|2024-04-01, 1.0, 0.0, 0.0, 0.0, 0.0, 0.0
NODE_0000019, 0.9999767610464361, 1.501533492964512e-05, 1.7334784317585353e-07, 1.733476077078553e-07, 3.247233116164735e-06, 4.62969006728241e-06
|A/cattle/New_Mexico/24-010330-007/2024|H5N1|MP||B3.13|cattle|New_Mexico|2024-04-01, 1.0, 0.0, 0.0, 0.0, 0.0, 0.0
NODE_0000020, 0.999976761046436, 1.501533492965684e-05, 1.7334784317585993e-07, 1.7334760770786144e-07, 3.247233116174586e-06, 4.6296900672828704e-06
|A/cattle/New_Mexico/24-010330-009-300/2024|H5N1|MP||B3.13|cattle|New_Mexico|2024-04-01, 1.0, 0.0, 0.0, 0.0, 0.0, 0.0
NODE_0000021, 0.9999767610464352, 1.5015334930011549e-05, 1.7334784317614372e-07, 1.7334760770814583e-07, 3.24723311666885e-06, 4.629690067301888e-06
|A/cattle/New_Mexico/24-010193-006/2024|H5N1|MP||B3.13|cattle|New_Mexico|2024-03-29, 1.0, 0.0, 0.0, 0.0, 0.0, 0.0
NODE_0000022, 0.999976761046399, 1.5015334940685868e-05, 1.733478431894002e-07, 1.7334760772140227e-07, 3.2472331414688025e-06, 4.629690068082933e-06
|A/cattle/New_Mexico/24-010512-001/2024|H5N1|MP||B3.13|cattle|New_Mexico|2024-04-02, 1.0, 0.0, 0.0, 0.0, 0.0, 0.0
NODE_0000023, 0.9999767610448016, 1.5015335260354502e-05, 1.733478438233258e-07, 1.7334760835532702e-07, 3.247234386075066e-06, 4.629690099818585e-06
|A/cattle/New_Mexico/24-010330-007-300/2024|H5N1|MP||B3.13|cattle|New_Mexico|2024-04-01, 0.9999999999999999, 0.0, 0.0, 0.0, 0.0, 0.0
NODE_0000024, 0.9999767609715079, 1.501534475485412e-05, 1.733478746150337e-07, 1.7334763914699956e-07, 3.2472968554535916e-06, 4.62969136777314e-06
|A/cattle/New_Mexico/24-010192-006/2024|H5N1|MP||B3.13|cattle|New_Mexico|2024-04-01, 1.0, 0.0, 0.0, 0.0, 0.0, 0.0
NODE_0000025, 0.9999767575053792, 1.5015622762341649e-05, 1.7334938206738031e-07, 1.73349146597624e-07, 3.2504325671201803e-06, 4.629740762725625e-06
|A/cattle/New_Mexico/24-010330-008/2024|H5N1|MP||B3.13|cattle|New_Mexico|2024-04-01, 1.0, 0.0, 0.0, 0.0, 0.0, 0.0
NODE_0000026, 0.9999765901623474, 1.502355924227643e-05, 1.7342309114846917e-07, 1.7342285559599007e-07, 3.407840413748414e-06, 4.631592049778504e-06
|A/cattle/New_Mexico/24-010330-005-300/2024|H5N1|MP||B3.13|cattle|New_Mexico|2024-04-01, 1.0, 0.0, 0.0, 0.0, 0.0, 0.0
NODE_0000027, 0.9999684000621519, 1.5239561849314766e-05, 1.7696245318693667e-07, 1.7696221380884502e-07, 1.1309719649319084e-05, 4.696731682548574e-06
|A/cattle/New_Mexico/24-010330-003-300/2024|H5N1|MP||B3.13|cattle|New_Mexico|2024-04-01, 0.9999999999999999, 0.0, 0.0, 0.0, 0.0, 0.0
NODE_0000028, 0.9995640433684991, 2.0556631733577397e-05, 3.365359077268151e-07, 3.365355082095325e-07, 0.0004079927199610144, 6.734208390317438e-06
|A/cattle/New_Mexico/24-010330-005/2024|H5N1|MP||B3.13|cattle|New_Mexico|2024-04-01, 0.9999999999999999, 0.0, 0.0, 0.0, 0.0, 0.0
NODE_0000029, 0.9794912769393671, 0.00012012641321192638, 6.048327453995073e-06, 6.048322062322671e-06, 0.020322217399860662, 5.428259804416791e-05
|A/chicken/Texas/24-009654-004/2024|H5N1|MP||B3.13|poultry|Texas|2024-04-01, 0.0, 0.0, 0.0, 0.0, 1.0, 0.0
NODE_0000030, 0.9995642308258184, 2.0534365508127684e-05, 3.3651161002173513e-07, 3.365112105494515e-07, 0.00040783098585262705, 6.7308000003128025e-06
|A/cattle/New_Mexico/24-010193-007/2024|H5N1|MP||B3.13|cattle|New_Mexico|2024-03-29, 1.0, 0.0, 0.0, 0.0, 0.0, 0.0
NODE_0000031, 0.9999692394424498, 1.473602070650948e-05, 1.7553843513115666e-07, 1.755381982718101e-07, 1.1082674122868147e-05, 4.590786087300811e-06
|A/cattle/USA/24-012457-002/2024|H5N1|MP||B3.13|cattle|Texas|2024-05-02, 1.0, 0.0, 0.0, 0.0, 0.0, 0.0
|A/cattle/New_Mexico/24-010330-006-300/2024|H5N1|MP||B3.13|cattle|New_Mexico|2024-04-01, 1.0, 0.0, 0.0, 0.0, 0.0, 0.0
0/14, 0.9999757749758933, 1.563012205570848e-05, 1.7494235831410097e-07, 1.7494212005095352e-07, 3.4920460913541476e-06, 4.752971481262831e-06
0/20, 0.9999751536398399, 1.6122918473363902e-05, 1.8148489626012547e-07, 1.8148464918191672e-07, 3.443537655890858e-06, 4.91693448526499e-06
85.1/68, 0.9999758818250709, 1.5581880639878086e-05, 1.8003385016591728e-07, 1.800336056672987e-07, 3.370787611529276e-06, 4.805439221785345e-06
|A/cattle/Idaho/24-009491-007/2024|H5N1|MP||B3.13|cattle|Idaho|2024-03-27, 1.0, 0.0, 0.0, 0.0, 0.0, 0.0
0/95, 0.9999774044796816, 1.4537839707399212e-05, 1.7200633988723358e-07, 1.7200610680008146e-07, 3.184483591060245e-06, 4.5291845733255914e-06
|A/cattle/USA/24-009779-005/2024|H5N1|MP||B3.13|cattle|Idaho|2024-04-18, 1.0, 0.0, 0.0, 0.0, 0.0, 0.0
|A/cattle/Idaho/24-009491-002/2024|H5N1|MP||B3.13|cattle|Idaho|2024-03-27, 1.0, 0.0, 0.0, 0.0, 0.0, 0.0
74.2/90, 0.999976324610585, 1.5296712522463395e-05, 1.7666071105846635e-07, 1.7666047111583923e-07, 3.308518917509007e-06, 4.716836792885722e-06
|A/cattle/Texas/24-009310-007/2024|H5N1|MP||B3.13|cattle|Texas|2024-03-21, 1.0, 0.0, 0.0, 0.0, 0.0, 0.0
NODE_0000037, 0.999977416835117, 1.4528718351787577e-05, 1.7197944651571737e-07, 1.71979213476033e-07, 3.1832578347152408e-06, 4.52723003652619e-06
|A/cattle/Texas/24-009310-006/2024|H5N1|MP||B3.13|cattle|Texas|2024-03-21, 1.0, 0.0, 0.0, 0.0, 0.0, 0.0
|A/cattle/Texas/24-009310-007/2024|H5N1|MP|||cattle|Texas|2024-03-21, 1.0, 0.0, 0.0, 0.0, 0.0, 0.0
0/7, 0.9999666516576619, 1.6325314258900316e-05, 1.799792028867197e-07, 1.7997895815782392e-07, 1.1739529200677522e-05, 4.923540717657536e-06
0/14, 0.9999526743770923, 3.0146227117304644e-05, 3.652014693947123e-07, 3.6520097745044986e-07, 6.99259857002801e-06, 9.456394773514201e-06
|A/cattle/USA/24-012377-007/2024|H5N1|MP||B3.13|cattle|Michigan|2024-05-01, 1.0, 0.0, 0.0, 0.0, 0.0, 0.0
|A/cattle/Texas/24-009776-004/2024|H5N1|MP||B3.13|cattle|Texas|2024-03-10, 1.0, 0.0, 0.0, 0.0, 0.0, 0.0
0/0, 0.9995653236166052, 2.122634148048289e-05, 3.364336955557251e-07, 3.3643329404272353e-07, 0.00040590967253252515, 6.867502392038679e-06
0/11, 0.980032953446379, 0.0001181184939800912, 6.0874323039498665e-06, 6.087426897156684e-06, 0.019782863270869977, 5.3889929569814615e-05
|A/cattle/Texas/24-010513-003/2024|H5N1|MP||B3.13|cattle|Texas|2024-03-20, 1.0, 0.0, 0.0, 0.0, 0.0, 0.0
74.3/90, 0.007558014839145338, 7.422325970964566e-06, 1.671256552640405e-06, 1.6712558488288534e-06, 0.992426252813404, 4.96750907822797e-06
|A/chicken/Michigan/24-009582-002/2024|H5N1|MP||B3.13|poultry|Michigan|2024-04-01, 0.0, 0.0, 0.0, 0.0, 1.0, 0.0
NODE_0000043, 6.061599687762334e-05, 8.046553803111898e-08, 2.5775963348552863e-08, 2.5775956943740298e-08, 0.9999391947376033, 5.724806075959188e-08
|A/chicken/Michigan/24-010308-012/2024|H5N1|MP||B3.13|poultry|Michigan|2024-04-06, 0.0, 0.0, 0.0, 0.0, 1.0, 0.0
NODE_0000044, 1.7155429339663286e-06, 1.0049934044185753e-08, 9.658095855561439e-09, 9.658096264291932e-09, 0.999998245315701, 9.77523890609481e-09
|A/chicken/Michigan/24-009582-003/2024|H5N1|MP||B3.13|poultry|Michigan|2024-04-01, 0.0, 0.0, 0.0, 0.0, 1.0, 0.0
NODE_0000045, 1.2527944273766153e-06, 9.4697014521769e-09, 9.524670699722675e-09, 9.524671164877012e-09, 0.9999987093030929, 9.383436361779521e-09
|A/chicken/Michigan/24-010308-012-300/2024|H5N1|MP||B3.13|poultry|Michigan|2024-04-06, 0.0, 0.0, 0.0, 0.0, 1.0, 0.0
NODE_0000046, 1.2491588203889842e-06, 9.465085525794305e-09, 9.523607965209957e-09, 9.523608430813873e-09, 0.9999987129485595, 9.380318274874059e-09
|A/chicken/Michigan/24-010308-001-300/2024|H5N1|MP||B3.13|poultry|Michigan|2024-04-06, 0.0, 0.0, 0.0, 0.0, 1.0, 0.0
NODE_0000047, 1.2491296546291793e-06, 9.465048294758985e-09, 9.523599322288154e-09, 9.523599787895689e-09, 0.999998712977805, 9.380293094860905e-09
|A/chicken/Michigan/24-010308-007/2024|H5N1|MP||B3.13|poultry|Michigan|2024-04-06, 0.0, 0.0, 0.0, 0.0, 0.9999999999999999, 0.0
NODE_0000048, 1.2490527632507348e-06, 9.464914595436577e-09, 9.523536100007978e-09, 9.523536565623586e-09, 0.9999987130550599, 9.38018955022918e-09
|A/chicken/Michigan/24-010308-006-300/2024|H5N1|MP||B3.13|poultry|Michigan|2024-04-06, 0.0, 0.0, 0.0, 0.0, 1.0, 0.0
NODE_0000049, 1.2392990500052244e-06, 9.435744888401024e-09, 9.501402467691286e-09, 9.501402933519272e-09, 0.9999987229081928, 9.354206897856132e-09
|A/chicken/Michigan/24-009582-001/2024|H5N1|MP||B3.13|poultry|Michigan|2024-04-01, 0.0, 0.0, 0.0, 0.0, 1.0, 0.0
|A/chicken/Michigan/24-010308-007-300/2024|H5N1|MP||B3.13|poultry|Michigan|2024-04-06, 0.0, 0.0, 0.0, 0.0, 1.0, 0.0
0/10, 0.9999666114860318, 1.635171542682022e-05, 1.8002308089981689e-07, 1.8002283609073582e-07, 1.1748640749345263e-05, 4.928111874879814e-06
0/34, 0.9999519501720684, 3.067462259059301e-05, 3.670556901481931e-07, 3.6705519514250265e-07, 7.06931839892899e-06, 9.571776056808141e-06
|A/cattle/Idaho/24-009491-006/2024|H5N1|MP||B3.13|cattle|Idaho|2024-03-27, 1.0, 0.0, 0.0, 0.0, 0.0, 0.0
86.6/96, 0.9999532518298399, 3.0044660071004174e-05, 3.597257463492539e-07, 3.597252611463355e-07, 6.603502432301201e-06, 9.380556649429357e-06
|A/cattle/Kansas/24-009497-003/2024|H5N1|MP||B3.13|cattle|Kansas|2024-03-25, 1.0, 0.0, 0.0, 0.0, 0.0, 0.0
NODE_0000053, 0.9999760868990245, 1.5511947641512486e-05, 1.74841975496793e-07, 1.7484173739832603e-07, 3.3146195570763885e-06, 4.736850064082243e-06
|A/cattle/Kansas/24-009497-004/2024|H5N1|MP||B3.13|cattle|Kansas|2024-03-25, 1.0, 0.0, 0.0, 0.0, 0.0, 0.0
NODE_0000054, 0.9999767414638518, 1.5031192738599954e-05, 1.7336150633380425e-07, 1.7336127083864633e-07, 3.2485636748901967e-06, 4.632056957449577e-06
|A/cattle/Kansas/24-009497-011/2024|H5N1|MP||B3.13|cattle|Kansas|2024-03-25, 1.0, 0.0, 0.0, 0.0, 0.0, 0.0
NODE_0000055, 0.999976780504371, 1.4999493222932235e-05, 1.7333495930715603e-07, 1.7333472386475667e-07, 3.245946938626036e-06, 4.627385784302102e-06
|A/cattle/Kansas/24-009497-012/2024|H5N1|MP||B3.13|cattle|Kansas|2024-03-25, 0.9999999999999999, 0.0, 0.0, 0.0, 0.0, 0.0
NODE_0000056, 0.9999774295999551, 1.4519212115375748e-05, 1.7195285974078756e-07, 1.7195262674802972e-07, 3.182025878346694e-06, 4.525256564574196e-06
|A/cattle/Texas/24-009308-006/2024|H5N1|MP||B3.13|cattle|Texas|2024-03-19, 1.0, 0.0, 0.0, 0.0, 0.0, 0.0
|A/cattle/Texas/24-010514-002/2024|H5N1|MP||B3.13|cattle|Texas|2024-04-03, 1.0, 0.0, 0.0, 0.0, 0.0, 0.0
0/7, 0.9999754036609508, 1.5857810983915115e-05, 1.7817593475604358e-07, 1.7817569216535048e-07, 3.550961030378864e-06, 4.831215407748459e-06
92.3/93, 0.9999769934429722, 1.4799642649910486e-05, 1.7522754339537526e-07, 1.7522730599360057e-07, 3.245469370329491e-06, 4.610990158150353e-06
|A/cattle/Kansas/24-009497-008/2024|H5N1|MP||B3.13|cattle|Kansas|2024-03-25, 1.0, 0.0, 0.0, 0.0, 0.0, 0.0
|A/cattle/Kansas/24-009497-014/2024|H5N1|MP||B3.13|cattle|Kansas|2024-03-25, 1.0, 0.0, 0.0, 0.0, 0.0, 0.0
0/2, 0.9999759615484696, 1.5612903714991996e-05, 1.7487871603151962e-07, 1.7487847783481677e-07, 3.3253768771027254e-06, 4.750413744436494e-06
0/12, 0.9999758583300218, 1.5601130360999534e-05, 1.800485429369213e-07, 1.8004829840917697e-07, 3.372291609921866e-06, 4.808151165867232e-06
|A/cattle/USA/24-013172-002/2024|H5N1|MP|||cattle|USA|2024-04-01, 0.9999999999999999, 0.0, 0.0, 0.0, 0.0, 0.0
84.8/70, 0.9999758685926343, 1.5591678729351765e-05, 1.8006271030487725e-07, 1.800624657551209e-07, 3.3720468184132804e-06, 4.807556641978996e-06
|A/cattle/Texas/24-009110-007/2024|H5N1|MP||B3.13|cattle|Texas|2024-03-14, 1.0, 0.0, 0.0, 0.0, 0.0, 0.0
0/48, 0.999976280989021, 1.532707680529022e-05, 1.7685963040544073e-07, 1.7685939017065485e-07, 3.313613527270159e-06, 4.724601625698582e-06
|A/cattle/Texas/24-009110-002/2024|H5N1|MP||B3.13|cattle|Texas|2024-03-14, 0.9999999999999999, 0.0, 0.0, 0.0, 0.0, 0.0
0/86, 0.9999767472153055, 1.5025635310612975e-05, 1.7337613835518524e-07, 1.7337590283703642e-07, 3.24856621077607e-06, 4.631831131843298e-06
|A/cattle/Texas/24-009088-002/2024|H5N1|MP||B3.13|cattle|Texas|2024-03-13, 1.0, 0.0, 0.0, 0.0, 0.0, 0.0
NODE_0000064, 0.9999767606305663, 1.5015675040682656e-05, 1.7334810912206332e-07, 1.7334787365353882e-07, 3.2472599756825366e-06, 4.629738434534052e-06
|A/cattle/Texas/24-009110-005/2024|H5N1|MP||B3.13|cattle|Texas|2024-03-14, 1.0, 0.0, 0.0, 0.0, 0.0, 0.0
NODE_0000065, 0.9999767610335631, 1.5015346155729526e-05, 1.7334784672379457e-07, 1.7334761125579004e-07, 3.247233660358262e-06, 4.6296911626090275e-06
|A/cattle/Texas/24-009110-014/2024|H5N1|MP||B3.13|cattle|Texas|2024-03-14, 1.0, 0.0, 0.0, 0.0, 0.0, 0.0
NODE_0000066, 0.9999767610460294, 1.5015335300102693e-05, 1.7334784324911473e-07, 1.7334760778111642e-07, 3.247233127288984e-06, 4.6296900921804315e-06
|A/cattle/Texas/24-009290-005/2024|H5N1|MP||B3.13|cattle|Texas|2024-03-13, 1.0, 0.0, 0.0, 0.0, 0.0, 0.0
NODE_0000067, 0.999976761046423, 1.5015334941867989e-05, 1.7334784317784413e-07, 1.733476077098459e-07, 3.247233116395122e-06, 4.62969006785147e-06
|A/cattle/Texas/24-009110-001/2024|H5N1|MP||B3.13|cattle|Texas|2024-03-14, 1.0, 0.0, 0.0, 0.0, 0.0, 0.0
NODE_0000068, 0.9999767610464356, 1.5015334930047966e-05, 1.7334784317591361e-07, 1.7334760770791538e-07, 3.2472331161694166e-06, 4.629690067295506e-06
|A/cattle/Texas/24-009110-021/2024|H5N1|MP||B3.13|cattle|Texas|2024-03-14, 1.0, 0.0, 0.0, 0.0, 0.0, 0.0
NODE_0000069, 0.9999767610464361, 1.5015334929657999e-05, 1.7334784317585514e-07, 1.733476077078569e-07, 3.2472331161646423e-06, 4.629690067282702e-06
|A/cattle/Texas/24-009110-006/2024|H5N1|MP||B3.13|cattle|Texas|2024-03-14, 1.0, 0.0, 0.0, 0.0, 0.0, 0.0
NODE_0000070, 0.9999767610464361, 1.501533492964513e-05, 1.7334784317585326e-07, 1.7334760770785506e-07, 3.2472331161645377e-06, 4.629690067282404e-06
|A/cattle/Texas/24-009110-025/2024|H5N1|MP||B3.13|cattle|Texas|2024-03-14, 1.0, 0.0, 0.0, 0.0, 0.0, 0.0
NODE_0000071, 0.9999767610464361, 1.5015334929644707e-05, 1.7334784317585318e-07, 1.7334760770785498e-07, 3.247233116164535e-06, 4.629690067282397e-06
|A/cattle/Texas/24-009110-010/2024|H5N1|MP||B3.13|cattle|Texas|2024-03-14, 1.0, 0.0, 0.0, 0.0, 0.0, 0.0
NODE_0000072, 0.9999767610464361, 1.5015334929644667e-05, 1.7334784317585318e-07, 1.7334760770785498e-07, 3.247233116164535e-06, 4.629690067282397e-06
|A/cattle/Texas/24-009110-027/2024|H5N1|MP||B3.13|cattle|Texas|2024-03-14, 1.0, 0.0, 0.0, 0.0, 0.0, 0.0
NODE_0000073, 0.9999767610464361, 1.5015334929643984e-05, 1.7334784317585318e-07, 1.733476077078553e-07, 3.2472331161645326e-06, 4.629690067282389e-06
|A/cattle/Texas/24-009110-012/2024|H5N1|MP||B3.13|cattle|Texas|2024-03-14, 1.0, 0.0, 0.0, 0.0, 0.0, 0.0
NODE_0000074, 0.9999767610464361, 1.501533492962354e-05, 1.733478431758501e-07, 1.733476077078522e-07, 3.2472331161644145e-06, 4.629690067282049e-06
|A/cattle/Texas/24-009110-004/2024|H5N1|MP||B3.13|cattle|Texas|2024-03-14, 0.9999999999999999, 0.0, 0.0, 0.0, 0.0, 0.0
NODE_0000075, 0.9999767610464368, 1.5015334929003837e-05, 1.7334784317576154e-07, 1.7334760770776302e-07, 3.2472331161593378e-06, 4.629690067267522e-06
|A/cattle/Texas/24-009110-011/2024|H5N1|MP||B3.13|cattle|Texas|2024-03-14, 1.0, 0.0, 0.0, 0.0, 0.0, 0.0
NODE_0000076, 0.9999767610464563, 1.5015334910219533e-05, 1.733478431729391e-07, 1.7334760770494116e-07, 3.2472331159262457e-06, 4.629690066643512e-06
|A/cattle/Texas/24-009290-006/2024|H5N1|MP||B3.13|cattle|Texas|2024-03-13, 1.0, 0.0, 0.0, 0.0, 0.0, 0.0
NODE_0000077, 0.999976761047064, 1.5015334340864113e-05, 1.7334784307966727e-07, 1.7334760761166947e-07, 3.2472331048991507e-06, 4.629690039539647e-06
|A/cattle/Texas/24-009110-026/2024|H5N1|MP||B3.13|cattle|Texas|2024-03-14, 1.0, 0.0, 0.0, 0.0, 0.0, 0.0
NODE_0000078, 0.9999767610660453, 1.5015317085218763e-05, 1.7334783962500374e-07, 1.7334760415701065e-07, 3.247232572391518e-06, 4.629688853219744e-06
|A/cattle/Texas/24-009110-016/2024|H5N1|MP||B3.13|cattle|Texas|2024-03-14, 0.9999999999999999, 0.0, 0.0, 0.0, 0.0, 0.0
NODE_0000079, 0.9999767616675509, 1.5014794188423158e-05, 1.7334767011061199e-07, 1.733474346429234e-07, 3.2472065064598674e-06, 4.629636649622974e-06
|A/cattle/Texas/24-009110-015/2024|H5N1|MP||B3.13|cattle|Texas|2024-03-14, 1.0, 0.0, 0.0, 0.0, 0.0, 0.0
NODE_0000080, 0.9999767811276777, 1.499895251035512e-05, 1.7333477982650664e-07, 1.7333454438443162e-07, 3.2459194702526143e-06, 4.6273310174989735e-06
|A/cattle/Texas/24-009110-024/2024|H5N1|MP||B3.13|cattle|Texas|2024-03-14, 1.0, 0.0, 0.0, 0.0, 0.0, 0.0
NODE_0000081, 0.999977429619002, 1.4519194842428588e-05, 1.719528561565892e-07, 1.719526231638365e-07, 3.1820253284542055e-06, 4.525255347654285e-06
|A/cattle/Texas/24-009088-001/2024|H5N1|MP||B3.13|cattle|Texas|2024-03-13, 1.0, 0.0, 0.0, 0.0, 0.0, 0.0
|A/cattle/Texas/24-009110-022/2024|H5N1|MP||B3.13|cattle|Texas|2024-03-14, 1.0, 0.0, 0.0, 0.0, 0.0, 0.0
0/8, 0.9999752851813372, 1.6114913929282594e-05, 1.763574879353211e-07, 1.7635724711909645e-07, 3.389328481295371e-06, 4.8578615172847155e-06
0/19, 0.9999510071662999, 3.1623931469524896e-05, 3.6948456399642926e-07, 3.6948406446933124e-07, 6.858513561977963e-06, 9.771420040108483e-06
72.9/92, 0.9999763241733814, 1.5294929351357243e-05, 1.7672380180577477e-07, 1.7672356177251608e-07, 3.309439026871026e-06, 4.718010876621547e-06
|A/cattle/Texas/24-009367-002/2024|H5N1|MP||B3.13|cattle|Texas|2024-03-25, 0.9999999999999999, 0.0, 0.0, 0.0, 0.0, 0.0
|A/cattle/Texas/24-009367-018/2024|H5N1|MP||B3.13|cattle|Texas|2024-03-25, 0.9999999999999999, 0.0, 0.0, 0.0, 0.0, 0.0
86.7/98, 0.999953236098187, 3.006018713614268e-05, 3.597377317968617e-07, 3.597372465702143e-07, 6.601449369261215e-06, 9.382790329200643e-06
|A/cattle/USA/24-011231-004/2024|H5N1|MP||B3.13|cattle|Michigan|2024-04-19, 0.9999999999999999, 0.0, 0.0, 0.0, 0.0, 0.0
NODE_0000086, 0.9999760863564272, 1.5512478209624558e-05, 1.7484212088910355e-07, 1.7484188279036292e-07, 3.3145796354978613e-06, 4.7369017239982825e-06
|A/cattle/Michigan/24-010303-001-300/2024|H5N1|MP||B3.13|cattle|Michigan|2024-04-03, 0.9999999999999999, 0.0, 0.0, 0.0, 0.0, 0.0
NODE_0000087, 0.9999767408248594, 1.5031750963412214e-05, 1.7336168222590226e-07, 1.733614467304303e-07, 3.2485895024305565e-06, 4.632111545756502e-06
|A/cattle/Texas/24-009109-001/2024|H5N1|MP||B3.13|cattle|Texas|2024-03-20, 0.9999999999999999, 0.0, 0.0, 0.0, 0.0, 0.0
NODE_0000088, 0.9999767604219519, 1.5015876770649204e-05, 1.7334802274628851e-07, 1.733477872779661e-07, 3.247260580023016e-06, 4.629744887416368e-06
|A/cattle/Michigan/24-009027-005/2024|H5N1|MP||B3.13|cattle|Michigan|2024-03-24, 1.0, 0.0, 0.0, 0.0, 0.0, 0.0
NODE_0000089, 0.9999767610273688, 1.5015352222423638e-05, 1.7334784669535046e-07, 1.7334761122734747e-07, 3.2472336657648416e-06, 4.6296912851397566e-06
|A/cattle/USA/24-011231-003/2024|H5N1|MP||B3.13|cattle|Michigan|2024-04-19, 1.0, 0.0, 0.0, 0.0, 0.0, 0.0
NODE_0000090, 0.999976761065415, 1.5015317675228143e-05, 1.7334783972206348e-07, 1.7334760425407028e-07, 3.2472325839992763e-06, 4.6296888816715545e-06
|A/cattle/Michigan/24-009027-003/2024|H5N1|MP||B3.13|cattle|Michigan|2024-03-24, 0.9999999999999999, 0.0, 0.0, 0.0, 0.0, 0.0
NODE_0000091, 0.9999767616675305, 1.5014794207888258e-05, 1.733476701135423e-07, 1.733474346458537e-07, 3.2472065067050246e-06, 4.629636650277803e-06
|A/cattle/USA/24-011231-002/2024|H5N1|MP||B3.13|cattle|Michigan|2024-04-19, 0.9999999999999999, 0.0, 0.0, 0.0, 0.0, 0.0
NODE_0000092, 0.9999767811276773, 1.4998952510996602e-05, 1.733347798265991e-07, 1.7333454438452405e-07, 3.245919470257946e-06, 4.627331017514198e-06
|A/cattle/USA/24-011231-001/2024|H5N1|MP||B3.13|cattle|Michigan|2024-04-19, 1.0, 0.0, 0.0, 0.0, 0.0, 0.0
NODE_0000093, 0.9999774296190022, 1.4519194842449073e-05, 1.7195285615659213e-07, 1.7195262316383945e-07, 3.1820253284543245e-06, 4.525255347654637e-06
|A/cattle/USA/24-011231-006/2024|H5N1|MP||B3.13|cattle|Michigan|2024-04-19, 1.0, 0.0, 0.0, 0.0, 0.0, 0.0
|A/cattle/Michigan/24-010303-001/2024|H5N1|MP||B3.13|cattle|Michigan|2024-04-03, 1.0, 0.0, 0.0, 0.0, 0.0, 0.0
0/8, 0.9999767029212668, 1.5061909870201182e-05, 1.7340412119201853e-07, 1.7340388421366643e-07, 3.25140761538495e-06, 4.636953242119503e-06
|A/cattle/USA/24-009495-007/2024|H5N1|MP|||cattle|USA|2024-04-01, 1.0, 0.0, 0.0, 0.0, 0.0, 0.0
0/3, 0.9999762836428474, 1.5326929461996567e-05, 1.7681949329321015e-07, 1.7681906525847418e-07, 3.312562820672135e-06, 4.723226311283033e-06
|A/cattle/Michigan/24-010071-007/2024|H5N1|MP||B3.13|cattle|Michigan|2024-04-01, 0.9999999999999999, 0.0, 0.0, 0.0, 0.0, 0.0
0/6, 0.9999760388859625, 1.5551388955209502e-05, 1.7487586297423388e-07, 1.7485098509472937e-07, 3.3175956205443262e-06, 4.742402613543172e-06
0/18, 0.9999765549991302, 1.5083912118078998e-05, 1.7859692393734625e-07, 1.7859649224035863e-07, 3.3043976905260006e-06, 4.699497645085104e-06
|A/cattle/USA/24-010231-001/2024|H5N1|MP||B3.13|cattle|Michigan|2024-04-18, 1.0, 0.0, 0.0, 0.0, 0.0, 0.0
|A/cattle/USA/24-009810-001/2024|H5N1|MP||B3.13|cattle|Texas|2024-04-18, 1.0, 0.0, 0.0, 0.0, 0.0, 0.0
0/7, 0.9999762397359081, 1.5359561936273392e-05, 1.8013287166756892e-07, 1.768646362204623e-07, 3.3154460436636036e-06, 4.728258604061351e-06
|A/cattle/USA/24-012346-013/2024|H5N1|MP||B3.13|cattle|Colorado|2024-05-01, 1.0, 0.0, 0.0, 0.0, 0.0, 0.0
0/5, 0.999974945306494, 1.6028052231605583e-05, 6.063243717603351e-07, 1.777449255169674e-07, 3.3895870281907714e-06, 4.8529849490183055e-06
0/12, 0.999975830245992, 1.561835966244823e-05, 1.8353183488400367e-07, 1.8020242928314727e-07, 3.3751644926686684e-06, 4.8124955886999946e-06
|A/cattle/New_Mexico/24-009306-003/2024|H5N1|MP||B3.13|cattle|New_Mexico|2024-03-25, 0.9999999999999999, 0.0, 0.0, 0.0, 0.0, 0.0
75.3/88, 0.9999763241837152, 1.529703947676491e-05, 1.7668642216562643e-07, 1.7666174617394155e-07, 3.3085053637093497e-06, 4.7169232760789535e-06
|A/cattle/USA/24-013021-003/2024|H5N1|MP|||cattle|USA|2024-04-01, 1.0, 0.0, 0.0, 0.0, 0.0, 0.0
NODE_0000102, 0.9999767484865717, 1.5024643187421552e-05, 1.733746668962432e-07, 1.7337424868007455e-07, 3.2484634983401102e-06, 4.631657826823578e-06
|A/cattle/USA/24-013021-007/2024|H5N1|MP|||cattle|USA|2024-04-01, 1.0, 0.0, 0.0, 0.0, 0.0, 0.0
NODE_0000103, 0.9999767606693454, 1.5015642287736915e-05, 1.7334809323805042e-07, 1.733478564035578e-07, 3.247257901701095e-06, 4.629734515616656e-06
|A/cattle/USA/24-013021-010/2024|H5N1|MP|||cattle|USA|2024-04-01, 1.0, 0.0, 0.0, 0.0, 0.0, 0.0
NODE_0000104, 0.9999767610347757, 1.5015345074751586e-05, 1.7334784646192592e-07, 1.7334761098370893e-07, 3.247233618189863e-06, 4.629691073724022e-06
|A/cattle/USA/24-013021-008/2024|H5N1|MP|||cattle|USA|2024-04-01, 1.0, 0.0, 0.0, 0.0, 0.0, 0.0
NODE_0000105, 0.9999767610460686, 1.5015335263793101e-05, 1.7334784324271243e-07, 1.733476077746375e-07, 3.2472331264170122e-06, 4.629690090140527e-06
|A/cattle/USA/24-013021-002/2024|H5N1|MP|||cattle|USA|2024-04-01, 1.0, 0.0, 0.0, 0.0, 0.0, 0.0
NODE_0000106, 0.9999767610464445, 1.5015334921265988e-05, 1.7334784317474698e-07, 1.7334760770674846e-07, 3.2472331161387134e-06, 4.6296900671661485e-06
|A/cattle/USA/24-013021-004/2024|H5N1|MP|||cattle|USA|2024-04-01, 1.0, 0.0, 0.0, 0.0, 0.0, 0.0
NODE_0000107, 0.9999767610470636, 1.5015334341228559e-05, 1.7334784307972198e-07, 1.7334760761172415e-07, 3.2472331049036434e-06, 4.629690039551681e-06
|A/cattle/USA/24-013021-005/2024|H5N1|MP|||cattle|USA|2024-04-01, 0.9999999999999999, 0.0, 0.0, 0.0, 0.0, 0.0
NODE_0000108, 0.9999767610660453, 1.5015317085230786e-05, 1.7334783962500546e-07, 1.7334760415701242e-07, 3.247232572391616e-06, 4.629688853220024e-06
|A/cattle/USA/24-013021-009/2024|H5N1|MP|||cattle|USA|2024-04-01, 1.0, 0.0, 0.0, 0.0, 0.0, 0.0
NODE_0000109, 0.9999767616675509, 1.501479418842355e-05, 1.7334767011061207e-07, 1.7334743464292348e-07, 3.2472065064598695e-06, 4.629636649622981e-06
|A/cattle/USA/24-013021-006/2024|H5N1|MP|||cattle|USA|2024-04-01, 1.0, 0.0, 0.0, 0.0, 0.0, 0.0
NODE_0000110, 0.9999767811276777, 1.4998952510355132e-05, 1.7333477982650664e-07, 1.7333454438443164e-07, 3.2459194702526143e-06, 4.6273310174989735e-06
|A/cattle/USA/24-013021-001/2024|H5N1|MP|||cattle|USA|2024-04-01, 1.0, 0.0, 0.0, 0.0, 0.0, 0.0
NODE_0000111, 0.999977429619002, 1.4519194842428588e-05, 1.719528561565892e-07, 1.719526231638365e-07, 3.1820253284542055e-06, 4.525255347654285e-06
|A/cattle/USA/24-010930-002/2024|H5N1|MP||B3.13|cattle|Michigan|2024-04-18, 1.0, 0.0, 0.0, 0.0, 0.0, 0.0
|A/cattle/USA/24-013021-011/2024|H5N1|MP|||cattle|USA|2024-04-01, 1.0, 0.0, 0.0, 0.0, 0.0, 0.0
0/6, 0.9998985528053983, 2.8257803091936194e-05, 5.726169181362347e-05, 4.235345677772736e-07, 6.4469150043807445e-06, 9.057250124024242e-06
0/13, 0.999974113659451, 1.6542961508705868e-05, 6.289977358178898e-07, 1.8443015267751213e-07, 3.508833188531586e-06, 5.021117963320163e-06
74.8/92, 0.9999769650368203, 1.4821270359023156e-05, 1.7852053897627856e-07, 1.7528319549904623e-07, 3.2447315504741783e-06, 4.615157535704007e-06
|A/cattle/Texas/24-009495-001/2024|H5N1|MP||B3.13|cattle|Texas|2024-03-21, 1.0, 0.0, 0.0, 0.0, 0.0, 0.0
|A/cattle/Texas/24-009495-010/2024|H5N1|MP||B3.13|cattle|Texas|2024-03-21, 1.0, 0.0, 0.0, 0.0, 0.0, 0.0
75.8/91, 0.9999769650368203, 1.4821270359023156e-05, 1.7852053897627856e-07, 1.7528319549904623e-07, 3.2447315504741783e-06, 4.615157535704007e-06
|A/cattle/South_Dakota/24-010354-008-300/2024|H5N1|MP||B3.13|cattle|South_Dakota|2024-04-05, 1.0, 0.0, 0.0, 0.0, 0.0, 0.0
|A/cattle/South_Dakota/24-010354-008/2024|H5N1|MP||B3.13|cattle|South_Dakota|2024-04-05, 1.0, 0.0, 0.0, 0.0, 0.0, 0.0
0/14, 0.9918510419809748, 0.0003179060988642292, 0.007554436070100734, 1.6469621570998814e-05, 0.00011483273935485254, 0.0001453134891344521
EPI3171493|A/Texas/37/2024|H5N1|MP|2.3.4.4b||human|Texas|2024-03-28, 0.0, 0.0, 1.0, 0.0, 0.0, 0.0
0/9, 0.9998986376680504, 2.8195585401779783e-05, 5.724108934618414e-05, 4.2338167327669936e-07, 6.448400969802832e-06, 9.053874558481355e-06
0/11, 0.9999744832020369, 1.6052885637650186e-05, 6.067029237277499e-07, 1.7790242052961716e-07, 3.620814483730342e-06, 5.0584924975080785e-06
0/7, 0.9999758475381137, 1.5599016346361447e-05, 1.8339877647905277e-07, 1.8007014804913342e-07, 3.3770724621881528e-06, 4.812904153251486e-06
|A/cattle/Texas/24-009367-023/2024|H5N1|MP||B3.13|cattle|Texas|2024-03-25, 1.0, 0.0, 0.0, 0.0, 0.0, 0.0
85.6/66, 0.9999765751836037, 1.5067280451828644e-05, 1.7861020927881564e-07, 1.7858527271202912e-07, 3.303150027917562e-06, 4.697190434593177e-06
|A/cattle/USA/24-010661-014/2024|H5N1|MP||B3.13|cattle|Michigan|2024-04-21, 1.0, 0.0, 0.0, 0.0, 0.0, 0.0
|A/cattle/Ohio/24-009586-010/2024|H5N1|MP||B3.13|cattle|Ohio|2024-03-29, 1.0, 0.0, 0.0, 0.0, 0.0, 0.0
0/1, 0.9999556169504457, 1.609138460573734e-05, 1.861543649080566e-07, 1.8277816337894693e-07, 1.4445811435816998e-05, 1.3476920984401762e-05
0/12, 0.9999754400050348, 1.55929919672891e-05, 1.8021104867400393e-07, 1.801846034580306e-07, 3.5995798872092953e-06, 5.007027458483917e-06
|A/cattle/Texas/24-009495-002/2024|H5N1|MP||B3.13|cattle|Texas|2024-03-21, 0.9999999999999999, 0.0, 0.0, 0.0, 0.0, 0.0
74.7/90, 0.9999769969816796, 1.4791359026041039e-05, 1.752427192775758e-07, 1.752422910747435e-07, 3.2464022696620664e-06, 4.6147720141692336e-06
|A/cattle/Texas/24-010331-001-300/2024|H5N1|MP||B3.13|cattle|Texas|2024-03-14, 0.9999999999999999, 0.0, 0.0, 0.0, 0.0, 0.0
|A/cattle/Texas/24-010331-001/2024|H5N1|MP||B3.13|cattle|Texas|2024-03-14, 0.9999999999999999, 0.0, 0.0, 0.0, 0.0, 0.0
0/5, 0.9990388926525902, 2.724020565628548e-05, 5.31326330145448e-07, 5.312517557313348e-07, 0.0005493013448325476, 0.0003835032188349685
0/12, 0.9796380149610235, 0.00011996182948543917, 6.193001818488439e-06, 6.192986219652833e-06, 0.020107376535187363, 0.00012226068626545596
|A/cattle/USA/24-010202-003/2024|H5N1|MP||B3.13|cattle|Ohio|2024-04-18, 1.0, 0.0, 0.0, 0.0, 0.0, 0.0
|A/chicken/Texas/24-009654-001/2024|H5N1|MP||B3.13|poultry|Texas|2024-04-01, 0.0, 0.0, 0.0, 0.0, 1.0, 0.0
0/19, 0.9882365815358244, 0.00011615163970532608, 5.738150786801539e-06, 5.738134263521825e-06, 0.00013989419073324671, 0.011495896348686729
|A/cattle/South_Dakota/24-010354-013-300/2024|H5N1|MP||B3.13|cattle|South_Dakota|2024-04-05, 1.0, 0.0, 0.0, 0.0, 0.0, 0.0
EPI3158761|A/Canada_goose/Wyoming/24-003692-001-original/2024|H5N1|MP|2.3.4.4b||wild-bird|Wyoming|2024-01-25, 0.0, 0.0, 0.0, 0.0, 0.0, 1.0
NODE_0000127, 0.9999757001773281, 1.546756494629476e-05, 6.010386674503413e-07, 1.7622931710555282e-07, 3.317700289488395e-06, 4.737289451524435e-06
|A/cattle/Michigan/24-010071-003/2024|H5N1|MP||B3.13|cattle|Michigan|2024-04-01, 0.9999999999999999, 0.0, 0.0, 0.0, 0.0, 0.0
NODE_0000128, 0.9999767387963611, 1.5030394736091023e-05, 1.7655500743061155e-07, 1.7337860043923368e-07, 3.248697405893256e-06, 4.632177889083072e-06
|A/cattle/USA/24-013710-007/2024|H5N1|MP|||cattle|USA|2024-04-01, 1.0, 0.0, 0.0, 0.0, 0.0, 0.0
NODE_0000129, 0.9999767604372435, 1.501583300855738e-05, 1.733719465879033e-07, 1.7334796382911526e-07, 3.247263052869716e-06, 4.629746784635976e-06
|A/cattle/USA/24-012346-017/2024|H5N1|MP||B3.13|cattle|Colorado|2024-05-01, 1.0, 0.0, 0.0, 0.0, 0.0, 0.0
NODE_0000130, 0.9999767610279009, 1.501535137449411e-05, 1.7334802592920508e-07, 1.7334761290976743e-07, 3.2472337280195482e-06, 4.629691357636601e-06
|A/cattle/Texas/24-009495-005/2024|H5N1|MP|||cattle|Texas|2024-03-21, 0.9999999999999999, 0.0, 0.0, 0.0, 0.0, 0.0
NODE_0000131, 0.9999767610458496, 1.5015335472325552e-05, 1.7334784461088084e-07, 1.7334760781538317e-07, 3.2472331287777007e-06, 4.629690096725528e-06
|A/cattle/USA/24-009308-001/2024|H5N1|MP|||cattle|Texas|2024-03-31, 0.9999999999999999, 0.0, 0.0, 0.0, 0.0, 0.0
NODE_0000132, 0.9999767610464172, 1.5015334947549886e-05, 1.7334784318866045e-07, 1.7334760771073688e-07, 3.2472331164288637e-06, 4.629690067958394e-06
|A/cattle/Texas/24-009110-023/2024|H5N1|MP||B3.13|cattle|Texas|2024-03-14, 1.0, 0.0, 0.0, 0.0, 0.0, 0.0
NODE_0000133, 0.9999767610464355, 1.5015334930235404e-05, 1.733478431760146e-07, 1.7334760770794217e-07, 3.247233116170219e-06, 4.6296900672980645e-06
|A/cattle/USA/24-012377-003/2024|H5N1|MP||B3.13|cattle|Michigan|2024-05-01, 1.0, 0.0, 0.0, 0.0, 0.0, 0.0
NODE_0000134, 0.9999767610464362, 1.5015334929664182e-05, 1.7334784317585654e-07, 1.7334760770785779e-07, 3.2472331161646626e-06, 4.629690067282765e-06
|A/cattle/Kansas/24-009497-005/2024|H5N1|MP||B3.13|cattle|Kansas|2024-03-25, 1.0, 0.0, 0.0, 0.0, 0.0, 0.0
NODE_0000135, 0.9999767610464361, 1.5015334929645334e-05, 1.733478431758533e-07, 1.7334760770785506e-07, 3.247233116164538e-06, 4.629690067282406e-06
|A/cattle/Texas/24-009110-019/2024|H5N1|MP||B3.13|cattle|Texas|2024-03-14, 1.0, 0.0, 0.0, 0.0, 0.0, 0.0
NODE_0000136, 0.9999767610464361, 1.5015334929644768e-05, 1.7334784317585318e-07, 1.7334760770785498e-07, 3.2472331161645326e-06, 4.629690067282397e-06
|A/cattle/New_Mexico/24-010194-001/2024|H5N1|MP||B3.13|cattle|New_Mexico|2024-03-15, 1.0, 0.0, 0.0, 0.0, 0.0, 0.0
NODE_0000137, 0.9999767610464361, 1.50153349296464e-05, 1.7334784317585347e-07, 1.733476077078556e-07, 3.2472331161645347e-06, 4.629690067282406e-06
|A/cattle/Texas/24-009310-010/2024|H5N1|MP||B3.13|cattle|Texas|2024-03-21, 1.0, 0.0, 0.0, 0.0, 0.0, 0.0
NODE_0000138, 0.9999767610464361, 1.5015334929696664e-05, 1.7334784317586028e-07, 1.7334760770786176e-07, 3.2472331161646224e-06, 4.629690067282533e-06
|A/cattle/South_Dakota/24-010354-019-300/2024|H5N1|MP||B3.13|cattle|South_Dakota|2024-04-05, 1.0, 0.0, 0.0, 0.0, 0.0, 0.0
NODE_0000139, 0.9999767610464344, 1.501533493122023e-05, 1.7334784317606322e-07, 1.7334760770806467e-07, 3.247233116167175e-06, 4.629690067286431e-06
|A/cattle/USA/24-012341-010/2024|H5N1|MP||B3.13|cattle|Idaho|2024-05-01, 1.0, 0.0, 0.0, 0.0, 0.0, 0.0
NODE_0000140, 0.9999767610463881, 1.501533497740856e-05, 1.7334784318221067e-07, 1.733476077142124e-07, 3.247233116244293e-06, 4.6296900674035e-06
|A/cattle/Texas/24-009108-001/2024|H5N1|MP||B3.13|cattle|Texas|2024-03-20, 1.0, 0.0, 0.0, 0.0, 0.0, 0.0
NODE_0000141, 0.9999767610449816, 1.5015336377632337e-05, 1.7334784336854818e-07, 1.7334760790055003e-07, 3.2472331185647775e-06, 4.629690070897526e-06
|A/cattle/Texas/24-009367-016/2024|H5N1|MP||B3.13|cattle|Texas|2024-03-25, 1.0, 0.0, 0.0, 0.0, 0.0, 0.0
NODE_0000142, 0.9999767610023489, 1.5015378826186808e-05, 1.7334784901608797e-07, 1.7334761354808365e-07, 3.2472331880451262e-06, 4.6296901743792565e-06
|A/cattle/Ohio/24-009586-003/2024|H5N1|MP||B3.13|cattle|Ohio|2024-03-29, 1.0, 0.0, 0.0, 0.0, 0.0, 0.0
NODE_0000143, 0.9999767597100635, 1.5016665677902071e-05, 1.7334802014661936e-07, 1.7334778467843372e-07, 3.2472352510698185e-06, 4.629693202692097e-06
|A/cattle/USA/24-012377-008/2024|H5N1|MP||B3.13|cattle|Michigan|2024-05-01, 1.0, 0.0, 0.0, 0.0, 0.0, 0.0
NODE_0000144, 0.9999767205407138, 1.5055677328672976e-05, 1.7335320269524324e-07, 1.7335296722157076e-07, 3.2472956268162757e-06, 4.629780160747503e-06
|A/cattle/South_Dakota/24-010354-006-300/2024|H5N1|MP||B3.13|cattle|South_Dakota|2024-04-05, 1.0, 0.0, 0.0, 0.0, 0.0, 0.0
NODE_0000145, 0.999975533423643, 1.6238338914445735e-05, 1.7350983077511942e-07, 1.7350959513626167e-07, 3.2490175853103472e-06, 4.6322004314620834e-06
|A/cattle/Texas/24-009110-017/2024|H5N1|MP||B3.13|cattle|Texas|2024-03-14, 1.0, 0.0, 0.0, 0.0, 0.0, 0.0
NODE_0000146, 0.9999395603612092, 5.209147779614664e-05, 1.782044252581851e-07, 1.7820418472788935e-07, 3.295796399920845e-06, 4.695955984752092e-06
|A/cattle/Texas/24-009367-001/2024|H5N1|MP||B3.13|cattle|Texas|2024-03-25, 1.0, 0.0, 0.0, 0.0, 0.0, 0.0
NODE_0000147, 0.998849724900139, 0.0011390043236250544, 3.1387755034909717e-07, 3.138771734053267e-07, 4.442457501987589e-06, 6.200564010286464e-06
|A/cattle/South_Dakota/24-010354-020-300/2024|H5N1|MP||B3.13|cattle|South_Dakota|2024-04-05, 1.0, 0.0, 0.0, 0.0, 0.0, 0.0
NODE_0000148, 0.965844860996795, 0.034089632157128104, 3.5652775369503297e-06, 3.5652741725918743e-06, 2.561765630476037e-05, 3.275863806273047e-05
|A/cat/Texas/24-008850-001/2024|H5N1|MP||B3.13|domestic-mammal|Texas|2024-03-20, 0.0, 1.0, 0.0, 0.0, 0.0, 0.0
NODE_0000149, 0.998849724900139, 0.0011390043236250548, 3.138775503490984e-07, 3.1387717340532826e-07, 4.4424575019876185e-06, 6.200564010286486e-06
|A/cattle/Texas/24-010513-004/2024|H5N1|MP||B3.13|cattle|Texas|2024-03-20, 1.0, 0.0, 0.0, 0.0, 0.0, 0.0
NODE_0000150, 0.9999395603612093, 5.209147779614672e-05, 1.7820442525818534e-07, 1.782041847278894e-07, 3.2957963999208527e-06, 4.695955984752095e-06
|A/cattle/Texas/24-009110-003/2024|H5N1|MP||B3.13|cattle|Texas|2024-03-14, 1.0, 0.0, 0.0, 0.0, 0.0, 0.0
NODE_0000151, 0.999975533423643, 1.6238338914445752e-05, 1.7350983077511942e-07, 1.7350959513626156e-07, 3.249017585310352e-06, 4.632200431462082e-06
|A/cattle/USA/24-012341-002/2024|H5N1|MP||B3.13|cattle|USA|2024-05-07, 1.0, 0.0, 0.0, 0.0, 0.0, 0.0
NODE_0000152, 0.999976720540714, 1.5055677328672993e-05, 1.7335320269524297e-07, 1.7335296722157092e-07, 3.2472956268162745e-06, 4.629780160747504e-06
|A/cattle/USA/24-013170-006/2024|H5N1|MP|||cattle|USA|2024-04-01, 1.0, 0.0, 0.0, 0.0, 0.0, 0.0
NODE_0000153, 0.9999767597100636, 1.5016665677902081e-05, 1.7334802014661928e-07, 1.733477846784335e-07, 3.247235251069822e-06, 4.629693202692098e-06
|A/cattle/USA/24-010661-003/2024|H5N1|MP||B3.13|cattle|Michigan|2024-04-16, 1.0, 0.0, 0.0, 0.0, 0.0, 0.0
NODE_0000154, 0.9999767610023489, 1.5015378826186811e-05, 1.7334784901608791e-07, 1.733476135480835e-07, 3.247233188045128e-06, 4.629690174379274e-06
|A/cattle/USA/24-012346-021/2024|H5N1|MP||B3.13|cattle|Colorado|2024-05-01, 1.0, 0.0, 0.0, 0.0, 0.0, 0.0
NODE_0000155, 0.9999767610449818, 1.5015336377632772e-05, 1.733478433685486e-07, 1.733476079005505e-07, 3.247233118564786e-06, 4.629690070898267e-06
|A/cattle/USA/24-012314-003/2024|H5N1|MP||B3.13|cattle|Michigan|2024-05-01, 1.0, 0.0, 0.0, 0.0, 0.0, 0.0
NODE_0000156, 0.999976761046388, 1.5015334977421585e-05, 1.733478431822237e-07, 1.733476077142255e-07, 3.247233116244623e-06, 4.629690067436404e-06
|A/cattle/USA/24-010202-013/2024|H5N1|MP||B3.13|cattle|Ohio|2024-04-18, 1.0, 0.0, 0.0, 0.0, 0.0, 0.0
NODE_0000157, 0.9999767610464325, 1.5015334931611143e-05, 1.733478431766236e-07, 1.733476077086254e-07, 3.2472331161808647e-06, 4.629690068753368e-06
|A/cattle/USA/24-010661-007/2024|H5N1|MP||B3.13|cattle|Michigan|2024-04-21, 1.0, 0.0, 0.0, 0.0, 0.0, 0.0
NODE_0000158, 0.9999767610463584, 1.5015334941367797e-05, 1.7334784320007383e-07, 1.7334760773207552e-07, 3.247233116726953e-06, 4.629690132684866e-06
|A/cattle/Texas/24-009499-001/2024|H5N1|MP||B3.13|cattle|Texas|2024-03-17, 1.0, 0.0, 0.0, 0.0, 0.0, 0.0
NODE_0000159, 0.999976761043149, 1.5015335275472115e-05, 1.7334784423117548e-07, 1.7334760876317614e-07, 3.2472331390178487e-06, 4.629692983421149e-06
|A/cattle/USA/24-012377-004/2024|H5N1|MP||B3.13|cattle|Michigan|2024-05-01, 1.0, 0.0, 0.0, 0.0, 0.0, 0.0
NODE_0000160, 0.9999767609052718, 1.5015345057454807e-05, 1.7334788944455457e-07, 1.7334765397650488e-07, 3.2472340295274132e-06, 4.629820097890482e-06
|A/cattle/Texas/24-009495-009/2024|H5N1|MP||B3.13|cattle|Texas|2024-03-21, 1.0, 0.0, 0.0, 0.0, 0.0, 0.0
NODE_0000161, 0.9999767549173311, 1.5015626095383008e-05, 1.7334987715455453e-07, 1.7334964168430153e-07, 3.24726871504903e-06, 4.635488339697883e-06
|A/cattle/USA/24-011573-015/2024|H5N1|MP||B3.13|cattle|Idaho|2024-05-02, 1.0, 0.0, 0.0, 0.0, 0.0, 0.0
NODE_0000162, 0.9999764928519005, 1.5023455078757448e-05, 1.7343702374093037e-07, 1.734367881753048e-07, 3.2485683818775106e-06, 4.888250827058571e-06
|A/cattle/New_Mexico/24-010195-001/2024|H5N1|MP||B3.13|cattle|New_Mexico|2024-03-15, 1.0, 0.0, 0.0, 0.0, 0.0, 0.0
NODE_0000163, 0.9999649614707293, 1.5230026156375317e-05, 1.7719790138848645e-07, 1.7719766182665102e-07, 3.2942793726719357e-06, 1.6159828178482206e-05
|A/cattle/Texas/24-008660-001/2024|H5N1|MP||B3.13|cattle|Texas|2024-03-20, 0.9999999999999999, 0.0, 0.0, 0.0, 0.0, 0.0
NODE_0000164, 0.9994556873000068, 2.0122303271094477e-05, 3.306290642256567e-07, 3.306286716540746e-07, 4.72283128270289e-06, 0.0005188063077035057
|A/cattle/USA/24-012225-001/2024|H5N1|MP||B3.13|cattle|Colorado|2024-04-27, 1.0, 0.0, 0.0, 0.0, 0.0, 0.0
NODE_0000165, 0.9769097075799821, 0.00010746226627201775, 5.352950825061692e-06, 5.352946018897004e-06, 3.7973535901184225e-05, 0.02293415072100072
|A/grackle/Texas/24-008356-001/2024|H5N1|MP||B3.13|wild-bird|Texas|2024-03-18, 0.0, 0.0, 0.0, 0.0, 0.0, 1.0
NODE_0000166, 0.9994556873000032, 2.012230327111142e-05, 3.3062906422566073e-07, 3.3062867165407957e-07, 4.722831282703225e-06, 0.0005188063077071115
|A/cattle/Texas/24-009367-012/2024|H5N1|MP||B3.13|cattle|Texas|2024-03-25, 1.0, 0.0, 0.0, 0.0, 0.0, 0.0
NODE_0000167, 0.9999649614707238, 1.5230026156771734e-05, 1.771979013890584e-07, 1.7719766182722319e-07, 3.29427937268581e-06, 1.6159828183600657e-05
|A/cattle/Ohio/24-009586-009/2024|H5N1|MP||B3.13|cattle|Ohio|2024-03-29, 1.0, 0.0, 0.0, 0.0, 0.0, 0.0
NODE_0000168, 0.9999764928518191, 1.5023455090434853e-05, 1.734370237651558e-07, 1.7343678819953017e-07, 3.248568382440063e-06, 4.88825089611346e-06
|A/cattle/Texas/24-009108-006/2024|H5N1|MP||B3.13|cattle|Texas|2024-03-20, 1.0, 0.0, 0.0, 0.0, 0.0, 0.0
NODE_0000169, 0.9999767549140404, 1.501562644121538e-05, 1.733498782098884e-07, 1.7334964273963422e-07, 3.247268737902585e-06, 4.635491259488814e-06
|A/cattle/Texas/24-008749-003/2024|H5N1|MP||B3.13|cattle|Texas|2024-03-20, 1.0, 0.0, 0.0, 0.0, 0.0, 0.0
NODE_0000170, 0.9999767607641038, 1.50153551852716e-05, 1.733479357132676e-07, 1.7334770024516638e-07, 3.247234942890539e-06, 4.629950132150618e-06
|A/cattle/USA/24-012225-033/2024|H5N1|MP||B3.13|cattle|Colorado|2024-04-27, 1.0, 0.0, 0.0, 0.0, 0.0, 0.0
NODE_0000171, 0.9999767549140403, 1.501562644121537e-05, 1.7334987820988818e-07, 1.7334964273963396e-07, 3.2472687379025816e-06, 4.635491259488813e-06
|A/cattle/USA/24-011573-021/2024|H5N1|MP||B3.13|cattle|Idaho|2024-04-22, 1.0, 0.0, 0.0, 0.0, 0.0, 0.0
NODE_0000172, 0.9999764928518192, 1.5023455090434875e-05, 1.734370237651558e-07, 1.734367881995302e-07, 3.248568382440064e-06, 4.888250896113462e-06
|A/cattle/USA/24-012341-016/2024|H5N1|MP||B3.13|cattle|Idaho|2024-05-01, 1.0, 0.0, 0.0, 0.0, 0.0, 0.0
NODE_0000173, 0.9999649614707238, 1.523002615677174e-05, 1.7719790138905828e-07, 1.7719766182722319e-07, 3.2942793726858088e-06, 1.6159828183600653e-05
|A/cattle/USA/24-011573-002/2024|H5N1|MP||B3.13|cattle|Idaho|2024-05-02, 1.0, 0.0, 0.0, 0.0, 0.0, 0.0
NODE_0000174, 0.999455687300003, 2.012230327111145e-05, 3.3062906422566184e-07, 3.3062867165407973e-07, 4.722831282703229e-06, 0.0005188063077071109
|A/cattle/USA/24-010202-005/2024|H5N1|MP||B3.13|cattle|Ohio|2024-04-18, 1.0, 0.0, 0.0, 0.0, 0.0, 0.0
NODE_0000175, 0.9769097075799821, 0.00010746226627201765, 5.352950825061685e-06, 5.352946018896997e-06, 3.79735359011842e-05, 0.022934150721000718
|A/grackle/Texas/24-008765-002/2024|H5N1|MP||B3.13|wild-bird|Texas|2024-03-20, 0.0, 0.0, 0.0, 0.0, 0.0, 1.0
NODE_0000176, 0.9994556873000069, 2.012230327109443e-05, 3.3062906422565496e-07, 3.306286716540737e-07, 4.7228312827028846e-06, 0.0005188063077035055
|A/cattle/USA/24-010071-014/2024|H5N1|MP||B3.13|cattle|Michigan|2024-04-18, 1.0, 0.0, 0.0, 0.0, 0.0, 0.0
NODE_0000177, 0.9999649614707292, 1.5230026156375326e-05, 1.771979013884864e-07, 1.771976618266512e-07, 3.2942793726719407e-06, 1.6159828178482192e-05
|A/cattle/USA/24-012341-004/2024|H5N1|MP||B3.13|cattle|Idaho|2024-05-01, 0.9999999999999999, 0.0, 0.0, 0.0, 0.0, 0.0
NODE_0000178, 0.9999764928519004, 1.5023455078757464e-05, 1.734370237409303e-07, 1.7343678817530474e-07, 3.248568381877513e-06, 4.888250827058567e-06
|A/cattle/USA/24-010071-012/2024|H5N1|MP||B3.13|cattle|Michigan|2024-04-18, 1.0, 0.0, 0.0, 0.0, 0.0, 0.0
NODE_0000179, 0.9999767549173311, 1.5015626095383022e-05, 1.733498771545546e-07, 1.7334964168430158e-07, 3.2472687150490355e-06, 4.635488339697881e-06
|A/cattle/Texas/24-009028-005/2024|H5N1|MP||B3.13|cattle|Texas|2024-03-20, 1.0, 0.0, 0.0, 0.0, 0.0, 0.0
NODE_0000180, 0.9999767609052714, 1.5015345057454763e-05, 1.733478894445545e-07, 1.7334765397650472e-07, 3.2472340295274158e-06, 4.629820097890478e-06
|A/cattle/USA/24-012225-014/2024|H5N1|MP||B3.13|cattle|Colorado|2024-04-27, 1.0, 0.0, 0.0, 0.0, 0.0, 0.0
NODE_0000181, 0.9999767610431491, 1.501533527547041e-05, 1.733478442311751e-07, 1.733476087631757e-07, 3.2472331390178487e-06, 4.629692983421143e-06
|A/cattle/USA/24-012346-009/2024|H5N1|MP||B3.13|cattle|Colorado|2024-05-01, 1.0, 0.0, 0.0, 0.0, 0.0, 0.0
NODE_0000182, 0.9999767610463585, 1.5015334941315849e-05, 1.733478432000668e-07, 1.7334760773206858e-07, 3.2472331167268693e-06, 4.629690132684733e-06
|A/cattle/Texas/24-008749-006/2024|H5N1|MP||B3.13|cattle|Texas|2024-03-20, 1.0, 0.0, 0.0, 0.0, 0.0, 0.0
NODE_0000183, 0.9999767610464341, 1.5015334930035594e-05, 1.7334784317641379e-07, 1.733476077084156e-07, 3.247233116178224e-06, 4.629690068749332e-06
|A/cattle/Texas/24-009108-004/2024|H5N1|MP||B3.13|cattle|Texas|2024-03-20, 1.0, 0.0, 0.0, 0.0, 0.0, 0.0
NODE_0000184, 0.999976761046436, 1.5015334929657721e-05, 1.7334784317586636e-07, 1.7334760770786814e-07, 3.2472331161648664e-06, 4.629690067315303e-06
|A/cattle/Texas/24-009028-007/2024|H5N1|MP||B3.13|cattle|Texas|2024-03-20, 1.0, 0.0, 0.0, 0.0, 0.0, 0.0
NODE_0000185, 0.9999767610464362, 1.5015334929645127e-05, 1.7334784317585355e-07, 1.7334760770785532e-07, 3.2472331161645436e-06, 4.6296900672831356e-06
|A/cattle/South_Dakota/24-010354-016-300/2024|H5N1|MP||B3.13|cattle|South_Dakota|2024-04-05, 1.0, 0.0, 0.0, 0.0, 0.0, 0.0
NODE_0000186, 0.9999767610464361, 1.5015334929644706e-05, 1.7334784317585318e-07, 1.7334760770785498e-07, 3.247233116164535e-06, 4.629690067282413e-06
|A/cattle/Michigan/24-009027-004/2024|H5N1|MP||B3.13|cattle|Michigan|2024-03-24, 1.0, 0.0, 0.0, 0.0, 0.0, 0.0
NODE_0000187, 0.9999767610464361, 1.5015334929644692e-05, 1.7334784317585318e-07, 1.7334760770785498e-07, 3.247233116164535e-06, 4.629690067282397e-06
|A/cattle/USA/24-010202-002/2024|H5N1|MP||B3.13|cattle|Ohio|2024-04-18, 1.0, 0.0, 0.0, 0.0, 0.0, 0.0
NODE_0000188, 0.9999767610464361, 1.5015334929644692e-05, 1.7334784317585318e-07, 1.7334760770785498e-07, 3.247233116164535e-06, 4.629690067282397e-06
|A/cattle/Michigan/24-010303-002-300/2024|H5N1|MP||B3.13|cattle|Michigan|2024-04-03, 1.0, 0.0, 0.0, 0.0, 0.0, 0.0
NODE_0000189, 0.9999767610464361, 1.5015334929644692e-05, 1.7334784317585318e-07, 1.7334760770785498e-07, 3.247233116164535e-06, 4.629690067282397e-06
|A/cattle/Idaho/24-009491-003/2024|H5N1|MP||B3.13|cattle|Idaho|2024-03-27, 1.0, 0.0, 0.0, 0.0, 0.0, 0.0
NODE_0000190, 0.9999767610464361, 1.5015334929644692e-05, 1.7334784317585318e-07, 1.7334760770785498e-07, 3.247233116164535e-06, 4.629690067282397e-06
|A/cattle/USA/24-010661-009/2024|H5N1|MP||B3.13|cattle|Michigan|2024-04-21, 1.0, 0.0, 0.0, 0.0, 0.0, 0.0
NODE_0000191, 0.9999767610464361, 1.5015334929644692e-05, 1.7334784317585318e-07, 1.7334760770785498e-07, 3.247233116164535e-06, 4.629690067282397e-06
|A/cattle/New_Mexico/24-010330-011-300/2024|H5N1|MP||B3.13|cattle|New_Mexico|2024-04-01, 1.0, 0.0, 0.0, 0.0, 0.0, 0.0
NODE_0000192, 0.9999767610464361, 1.5015334929644692e-05, 1.7334784317585318e-07, 1.7334760770785498e-07, 3.247233116164535e-06, 4.629690067282397e-06
|A/cattle/USA/24-010661-010/2024|H5N1|MP||B3.13|cattle|Michigan|2024-04-21, 1.0, 0.0, 0.0, 0.0, 0.0, 0.0
NODE_0000193, 0.9999767610464361, 1.5015334929644692e-05, 1.7334784317585318e-07, 1.7334760770785498e-07, 3.247233116164535e-06, 4.629690067282397e-06
|A/cattle/USA/24-012341-014/2024|H5N1|MP||B3.13|cattle|Idaho|2024-05-01, 1.0, 0.0, 0.0, 0.0, 0.0, 0.0
NODE_0000194, 0.9999767610464361, 1.5015334929644707e-05, 1.7334784317585318e-07, 1.7334760770785498e-07, 3.247233116164538e-06, 4.629690067282397e-06
|A/cattle/USA/24-012225-023/2024|H5N1|MP||B3.13|cattle|Colorado|2024-04-27, 1.0, 0.0, 0.0, 0.0, 0.0, 0.0
NODE_0000195, 0.9999767610464361, 1.5015334929645094e-05, 1.733478431758535e-07, 1.733476077078553e-07, 3.247233116164735e-06, 4.62969006728241e-06
|A/cattle/USA/24-012341-012/2024|H5N1|MP||B3.13|cattle|Idaho|2024-05-01, 1.0, 0.0, 0.0, 0.0, 0.0, 0.0
NODE_0000196, 0.999976761046436, 1.5015334929656837e-05, 1.7334784317585993e-07, 1.7334760770786144e-07, 3.247233116174586e-06, 4.6296900672828704e-06
|A/cattle/USA/24-011573-008/2024|H5N1|MP||B3.13|cattle|Idaho|2024-05-02, 1.0, 0.0, 0.0, 0.0, 0.0, 0.0
NODE_0000197, 0.9999767610464352, 1.5015334930011549e-05, 1.7334784317614372e-07, 1.7334760770814583e-07, 3.247233116668856e-06, 4.629690067301888e-06
|A/cattle/Ohio/24-009586-006/2024|H5N1|MP||B3.13|cattle|Ohio|2024-03-29, 1.0, 0.0, 0.0, 0.0, 0.0, 0.0
NODE_0000198, 0.999976761046399, 1.5015334940686109e-05, 1.733478431894002e-07, 1.7334760772140227e-07, 3.24723314146901e-06, 4.629690068082942e-06
|A/cattle/USA/24-010202-007/2024|H5N1|MP||B3.13|cattle|Ohio|2024-04-18, 1.0, 0.0, 0.0, 0.0, 0.0, 0.0
NODE_0000199, 0.9999767610448015, 1.501533526036161e-05, 1.7334784382333163e-07, 1.7334760835533252e-07, 3.247234386085261e-06, 4.629690099818881e-06
|A/cattle/Texas/24-009108-002/2024|H5N1|MP||B3.13|cattle|Texas|2024-03-20, 0.9999999999999999, 0.0, 0.0, 0.0, 0.0, 0.0
NODE_0000200, 0.9999767609715075, 1.5015344755068199e-05, 1.733478746153037e-07, 1.733476391472692e-07, 3.247296855965316e-06, 4.629691367785115e-06
|A/cattle/USA/24-013710-002/2024|H5N1|MP|||cattle|USA|2024-04-01, 1.0, 0.0, 0.0, 0.0, 0.0, 0.0
NODE_0000201, 0.9999767575053464, 1.5015622768751053e-05, 1.7334938208015746e-07, 1.733491466104011e-07, 3.25043259280205e-06, 4.629740763195961e-06
|A/cattle/Michigan/24-010071-008/2024|H5N1|MP||B3.13|cattle|Michigan|2024-04-01, 1.0, 0.0, 0.0, 0.0, 0.0, 0.0
NODE_0000202, 0.999976590160849, 1.5023559432550753e-05, 1.7342309175160377e-07, 1.7342285619912414e-07, 3.4078417027954555e-06, 4.631592067720809e-06
|A/cattle/Texas/24-009495-007/2024|H5N1|MP|||cattle|Texas|2024-03-21, 1.0, 0.0, 0.0, 0.0, 0.0, 0.0
NODE_0000203, 0.9999683999911723, 1.523956741593787e-05, 1.7696248032487413e-07, 1.7696224094675524e-07, 1.1309784355155512e-05, 4.696732335411649e-06
|A/cattle/Ohio/24-009586-007/2024|H5N1|MP||B3.13|cattle|Ohio|2024-03-29, 0.9999999999999999, 0.0, 0.0, 0.0, 0.0, 0.0
NODE_0000204, 0.9995640399377749, 2.0556790400474882e-05, 3.3653691365745156e-07, 3.365365141392515e-07, 0.0004079959681325057, 6.734230264334388e-06
|A/cattle/South_Dakota/24-010354-015-300/2024|H5N1|MP||B3.13|cattle|South_Dakota|2024-04-05, 0.9999999999999999, 0.0, 0.0, 0.0, 0.0, 0.0
NODE_0000205, 0.9794911089461438, 0.00012013071890328687, 6.048332458871406e-06, 6.048327067191955e-06, 0.020322380460335833, 5.4283215091040026e-05
|A/chicken/Texas/24-007264-003/2024|H5N1|MP||B3.13|poultry|Texas|2024-03-07, 0.0, 0.0, 0.0, 0.0, 1.0, 0.0
NODE_0000206, 0.9995640399377723, 2.055679040261802e-05, 3.365369136578507e-07, 3.365365141396498e-07, 0.00040799596813282654, 6.734230264340185e-06
|A/cattle/Texas/24-009290-001/2024|H5N1|MP||B3.13|cattle|Texas|2024-03-13, 1.0, 0.0, 0.0, 0.0, 0.0, 0.0
NODE_0000207, 0.9999683999911234, 1.52395674644146e-05, 1.7696248033136396e-07, 1.7696224095324475e-07, 1.130978435543308e-05, 4.696732335534497e-06
|A/cattle/Texas/24-009495-011/2024|H5N1|MP||B3.13|cattle|Texas|2024-03-21, 1.0, 0.0, 0.0, 0.0, 0.0, 0.0
NODE_0000208, 0.9999765901593936, 1.5023560881332434e-05, 1.7342309194438246e-07, 1.7342285639190289e-07, 3.4078417053144082e-06, 4.631592071337426e-06
|A/cattle/Texas/24-009028-009/2024|H5N1|MP||B3.13|cattle|Texas|2024-03-20, 1.0, 0.0, 0.0, 0.0, 0.0, 0.0
NODE_0000209, 0.9999767574612587, 1.5015666666163233e-05, 1.733493879204479e-07, 1.733491524506857e-07, 3.250432664753514e-06, 4.629740870294176e-06
|A/cattle/South_Dakota/24-010354-001-300/2024|H5N1|MP||B3.13|cattle|South_Dakota|2024-04-05, 1.0, 0.0, 0.0, 0.0, 0.0, 0.0
NODE_0000210, 0.999976759635133, 1.5016675505062924e-05, 1.7334805158621824e-07, 1.7334781611799668e-07, 3.247298990913904e-06, 4.629694503202839e-06
|A/cattle/Texas/24-009308-003/2024|H5N1|MP|||cattle|Texas|2024-03-19, 1.0, 0.0, 0.0, 0.0, 0.0, 0.0
NODE_0000211, 0.9999767205390517, 1.5055677686548297e-05, 1.733532033463038e-07, 1.7335296787263088e-07, 3.2472968968020576e-06, 4.6297801935710634e-06
|A/cattle/USA/24-011573-005/2024|H5N1|MP||B3.13|cattle|Idaho|2024-05-02, 1.0, 0.0, 0.0, 0.0, 0.0, 0.0
NODE_0000212, 0.9999755334227954, 1.623833972274537e-05, 1.735098308969324e-07, 1.7350959525807454e-07, 3.249017611768748e-06, 4.632200444055835e-06
|A/cattle/Michigan/24-010303-002/2024|H5N1|MP||B3.13|cattle|Michigan|2024-04-03, 1.0, 0.0, 0.0, 0.0, 0.0, 0.0
NODE_0000213, 0.9999395603365341, 5.209150193832171e-05, 1.7820442848228332e-07, 1.7820418795198418e-07, 3.295796430179859e-06, 4.695956480930231e-06
|A/cattle/Michigan/24-010071-010/2024|H5N1|MP||B3.13|cattle|Michigan|2024-04-01, 1.0, 0.0, 0.0, 0.0, 0.0, 0.0
NODE_0000214, 0.9988497241462968, 0.0011390050554198872, 3.1387763634682617e-07, 3.138772594029757e-07, 4.442458151779381e-06, 6.200585235629665e-06
|A/cattle/USA/24-012346-005/2024|H5N1|MP||B3.13|cattle|Colorado|2024-05-01, 1.0, 0.0, 0.0, 0.0, 0.0, 0.0
NODE_0000215, 0.9658448378866589, 0.03408965433964651, 3.5652784037629002e-06, 3.565275039403866e-06, 2.561766290100044e-05, 3.27595573506292e-05
|A/cat/Texas/24-009311-004/2024|H5N1|MP||B3.13|domestic-mammal|Texas|2024-03-16, 0.0, 0.9999999999999999, 0.0, 0.0, 0.0, 0.0
NODE_0000216, 0.9988496950190919, 0.001139026383221096, 3.1388122576852247e-07, 3.138808488212585e-07, 4.442506098250844e-06, 6.208329514037361e-06
|A/cattle/USA/24-010231-002/2024|H5N1|MP||B3.13|cattle|Michigan|2024-04-18, 1.0, 0.0, 0.0, 0.0, 0.0, 0.0
NODE_0000217, 0.9999392683918841, 5.211964712798378e-05, 1.7829610010043544e-07, 1.782958594705722e-07, 3.297151556481045e-06, 4.9582174717273495e-06
|A/cattle/Texas/24-010513-007/2024|H5N1|MP||B3.13|cattle|Texas|2024-03-20, 1.0, 0.0, 0.0, 0.0, 0.0, 0.0
NODE_0000218, 0.999963710077074, 1.6470516420666528e-05, 1.7736348251597075e-07, 1.773632427805484e-07, 3.2960896169938078e-06, 1.616859016312504e-05
|A/cattle/Michigan/24-010071-001/2024|H5N1|MP||B3.13|cattle|Michigan|2024-04-01, 1.0, 0.0, 0.0, 0.0, 0.0, 0.0
NODE_0000219, 0.9994556230421291, 2.0176366319676424e-05, 3.306392786565013e-07, 3.306388860758548e-07, 4.722922086921448e-06, 0.000518816391299475
|A/cattle/USA/24-010202-001/2024|H5N1|MP||B3.13|cattle|Ohio|2024-04-18, 1.0, 0.0, 0.0, 0.0, 0.0, 0.0
NODE_0000220, 0.97690968303746, 0.00010747178766063832, 5.352956162561193e-06, 5.352951356393345e-06, 3.7973559963777153e-05, 0.022934165707396544
|A/blackbird/Texas/24-008357-001/2024|H5N1|MP||B3.13|wild-bird|Texas|2024-03-16, 0.0, 0.0, 0.0, 0.0, 0.0, 1.0
NODE_0000221, 0.9994556866467713, 2.012261868880048e-05, 3.306292135597761e-07, 3.3062882098805456e-07, 4.72283248243203e-06, 0.0005188066440228066
|A/cattle/Texas/24-009109-003/2024|H5N1|MP||B3.13|cattle|Texas|2024-03-20, 0.9999999999999999, 0.0, 0.0, 0.0, 0.0, 0.0
NODE_0000222, 0.999964961452694, 1.523003659100696e-05, 1.771979053082723e-07, 1.7719766574643296e-07, 3.2942794149767586e-06, 1.6159835728880067e-05
|A/cattle/USA/24-010202-014/2024|H5N1|MP||B3.13|cattle|Ohio|2024-04-18, 1.0, 0.0, 0.0, 0.0, 0.0, 0.0
NODE_0000223, 0.9999764928513843, 1.5023455423635226e-05, 1.7343702384457536e-07, 1.7343678827894967e-07, 3.248568383207168e-06, 4.888250996658888e-06
|A/cattle/Texas/24-009310-005/2024|H5N1|MP||B3.13|cattle|Texas|2024-03-21, 1.0, 0.0, 0.0, 0.0, 0.0, 0.0
NODE_0000224, 0.9999767549173159, 1.5015626106774497e-05, 1.733498771573743e-07, 1.7334964168712127e-07, 3.2472687150888893e-06, 4.6354883435105835e-06
|A/cattle/Michigan/24-010071-006/2024|H5N1|MP||B3.13|cattle|Michigan|2024-04-01, 1.0, 0.0, 0.0, 0.0, 0.0, 0.0
NODE_0000225, 0.9999767609052712, 1.5015345057830873e-05, 1.7334788944463392e-07, 1.7334765397658418e-07, 3.247234029528591e-06, 4.62982009797629e-06
|A/cattle/USA/24-012341-001/2024|H5N1|MP||B3.13|cattle|Idaho|2024-05-01, 1.0, 0.0, 0.0, 0.0, 0.0, 0.0
NODE_0000226, 0.9999767610431491, 1.5015335275482828e-05, 1.733478442311775e-07, 1.7334760876317807e-07, 3.247233139017884e-06, 4.629692983423078e-06
|A/cattle/Texas/24-010513-006/2024|H5N1|MP||B3.13|cattle|Texas|2024-03-28, 1.0, 0.0, 0.0, 0.0, 0.0, 0.0
NODE_0000227, 0.9999767610463584, 1.5015334941316257e-05, 1.7334784320006692e-07, 1.7334760773206863e-07, 3.2472331167268698e-06, 4.629690132684778e-06
|A/cattle/USA/24-011573-006/2024|H5N1|MP||B3.13|cattle|Idaho|2024-05-02, 1.0, 0.0, 0.0, 0.0, 0.0, 0.0
NODE_0000228, 0.9999767610464341, 1.501533493003561e-05, 1.7334784317641379e-07, 1.733476077084156e-07, 3.247233116178224e-06, 4.629690068749333e-06
|A/cattle/USA/24-012341-007/2024|H5N1|MP||B3.13|cattle|Idaho|2024-05-01, 1.0, 0.0, 0.0, 0.0, 0.0, 0.0
NODE_0000229, 0.999976761046436, 1.5015334929657723e-05, 1.7334784317586636e-07, 1.7334760770786814e-07, 3.2472331161648664e-06, 4.629690067315303e-06
|A/cattle/South_Dakota/24-010354-003-300/2024|H5N1|MP||B3.13|cattle|South_Dakota|2024-04-05, 1.0, 0.0, 0.0, 0.0, 0.0, 0.0
NODE_0000230, 0.9999767610464362, 1.5015334929645127e-05, 1.7334784317585355e-07, 1.7334760770785532e-07, 3.2472331161645436e-06, 4.6296900672831356e-06
|A/cattle/South_Dakota/24-010354-014-300/2024|H5N1|MP||B3.13|cattle|South_Dakota|2024-04-05, 1.0, 0.0, 0.0, 0.0, 0.0, 0.0
NODE_0000231, 0.9999767610464361, 1.5015334929644706e-05, 1.7334784317585318e-07, 1.7334760770785498e-07, 3.247233116164535e-06, 4.629690067282413e-06
|A/cattle/Idaho/24-009491-005/2024|H5N1|MP||B3.13|cattle|Idaho|2024-03-27, 1.0, 0.0, 0.0, 0.0, 0.0, 0.0
NODE_0000232, 0.9999767610464361, 1.5015334929644692e-05, 1.7334784317585318e-07, 1.7334760770785498e-07, 3.247233116164535e-06, 4.629690067282397e-06
|A/cattle/Texas/24-009028-019/2024|H5N1|MP||B3.13|cattle|Texas|2024-03-20, 1.0, 0.0, 0.0, 0.0, 0.0, 0.0
NODE_0000233, 0.9999767610464361, 1.5015334929644692e-05, 1.7334784317585318e-07, 1.7334760770785498e-07, 3.247233116164535e-06, 4.629690067282397e-06
|A/cattle/South_Dakota/24-010354-012/2024|H5N1|MP||B3.13|cattle|South_Dakota|2024-04-05, 1.0, 0.0, 0.0, 0.0, 0.0, 0.0
NODE_0000234, 0.9999767610464361, 1.5015334929644692e-05, 1.7334784317585318e-07, 1.7334760770785498e-07, 3.247233116164535e-06, 4.629690067282397e-06
|A/cattle/USA/24-010202-012/2024|H5N1|MP||B3.13|cattle|Ohio|2024-04-18, 1.0, 0.0, 0.0, 0.0, 0.0, 0.0
NODE_0000235, 0.9999767610464361, 1.5015334929644692e-05, 1.7334784317585318e-07, 1.7334760770785498e-07, 3.247233116164535e-06, 4.629690067282397e-06
|A/cattle/Texas/24-009109-004/2024|H5N1|MP||B3.13|cattle|Texas|2024-03-20, 1.0, 0.0, 0.0, 0.0, 0.0, 0.0
NODE_0000236, 0.9999767610464361, 1.5015334929644692e-05, 1.7334784317585318e-07, 1.7334760770785498e-07, 3.247233116164535e-06, 4.629690067282397e-06
|A/cattle/USA/24-010071-013/2024|H5N1|MP||B3.13|cattle|Michigan|2024-04-18, 1.0, 0.0, 0.0, 0.0, 0.0, 0.0
NODE_0000237, 0.9999767610464361, 1.5015334929644719e-05, 1.7334784317585318e-07, 1.7334760770785498e-07, 3.247233116164535e-06, 4.629690067282397e-06
|A/cattle/Texas/24-009776-002/2024|H5N1|MP||B3.13|cattle|Texas|2024-03-10, 1.0, 0.0, 0.0, 0.0, 0.0, 0.0
NODE_0000238, 0.9999767610464361, 1.5015334929645276e-05, 1.733478431758535e-07, 1.7334760770785498e-07, 3.247233116164535e-06, 4.62969006728241e-06
|A/cattle/Texas/24-008749-007/2024|H5N1|MP||B3.13|cattle|Texas|2024-03-20, 1.0, 0.0, 0.0, 0.0, 0.0, 0.0
NODE_0000239, 0.999976761046436, 1.5015334929662786e-05, 1.7334784317585594e-07, 1.7334760770785805e-07, 3.2472331161646563e-06, 4.62969006728275e-06
|A/cattle/USA/24-012341-018/2024|H5N1|MP||B3.13|cattle|Idaho|2024-05-01, 1.0, 0.0, 0.0, 0.0, 0.0, 0.0
NODE_0000240, 0.9999767610464354, 1.5015334930193429e-05, 1.7334784317593434e-07, 1.7334760770800972e-07, 3.2472331161699583e-06, 4.629690067297318e-06
|A/cattle/North_Carolina/24-010327-003/2024|H5N1|MP||B3.13|cattle|North_Carolina|2024-04-04, 1.0, 0.0, 0.0, 0.0, 0.0, 0.0
NODE_0000241, 0.9999767610464184, 1.5015334946278095e-05, 1.7334784317855032e-07, 1.7334760772039562e-07, 3.2472331164174838e-06, 4.629690067926731e-06
|A/cattle/USA/24-013393-004/2024|H5N1|MP|||cattle|USA|2024-04-01, 1.0, 0.0, 0.0, 0.0, 0.0, 0.0
NODE_0000242, 0.9999767610458901, 1.5015335433776261e-05, 1.733478432774067e-07, 1.7334760912598253e-07, 3.247233128251613e-06, 4.629690095362214e-06
|A/cattle/USA/24-012377-009/2024|H5N1|MP||B3.13|cattle|Michigan|2024-05-01, 1.0, 0.0, 0.0, 0.0, 0.0, 0.0
NODE_0000243, 0.9999767610291556, 1.5015350206089825e-05, 1.733478481693908e-07, 1.7334778879165449e-07, 3.247233703007973e-06, 4.629691298339484e-06
|A/cattle/USA/24-012341-020/2024|H5N1|MP||B3.13|cattle|Idaho|2024-05-01, 1.0, 0.0, 0.0, 0.0, 0.0, 0.0
NODE_0000244, 0.9999767604766732, 1.5015797599903495e-05, 1.7334819057018086e-07, 1.7337150697451483e-07, 3.2472618418501536e-06, 4.629744187671554e-06
|A/cattle/New_Mexico/24-010195-004/2024|H5N1|MP||B3.13|cattle|New_Mexico|2024-03-15, 1.0, 0.0, 0.0, 0.0, 0.0, 0.0
NODE_0000245, 0.9999767400696832, 1.5029322020957647e-05, 1.733783353721125e-07, 1.7652813602399112e-07, 3.2486381357641746e-06, 4.6320636886794005e-06
|A/cattle/Texas/24-009109-002/2024|H5N1|MP||B3.13|cattle|Texas|2024-03-20, 1.0, 0.0, 0.0, 0.0, 0.0, 0.0
NODE_0000246, 0.9999757441528785, 1.543509878855246e-05, 1.7619068112985555e-07, 5.97504190200954e-07, 3.3147887413819777e-06, 4.732264720296936e-06
|A/cattle/USA/24-013395-001/2024|H5N1|MP|||cattle|USA|2024-04-01, 1.0, 0.0, 0.0, 0.0, 0.0, 0.0
NODE_0000247, 0.9999004528648243, 2.7216577724501256e-05, 4.19911174857141e-07, 5.677014448887484e-05, 6.30629014479905e-06, 8.834211642546664e-06
|A/cattle/USA/24-010661-002/2024|H5N1|MP||B3.13|cattle|Michigan|2024-04-16, 1.0, 0.0, 0.0, 0.0, 0.0, 0.0
NODE_0000248, 0.991853265772335, 0.00031713936970912657, 1.6467058841782365e-05, 0.007553246616343079, 0.00011473021625619078, 0.0001451509665146697
|A/raccoon/New_Mexico/24-009496-002/2024|H5N1|MP||B3.13|mammal|New_Mexico|2024-03-23, 0.0, 0.0, 0.0, 1.0, 0.0, 0.0
NODE_0000249, 0.9999004528648245, 2.721657772450125e-05, 4.1991117485714644e-07, 5.677014448887487e-05, 6.306290144799064e-06, 8.834211642546667e-06
|A/cattle/South_Dakota/24-010354-011-300/2024|H5N1|MP||B3.13|cattle|South_Dakota|2024-04-05, 1.0, 0.0, 0.0, 0.0, 0.0, 0.0
NODE_0000250, 0.9999757441528784, 1.5435098788552456e-05, 1.7619068112985558e-07, 5.975041902009542e-07, 3.3147887413819777e-06, 4.732264720296933e-06
|A/cattle/USA/24-012377-010/2024|H5N1|MP||B3.13|cattle|Michigan|2024-05-01, 1.0, 0.0, 0.0, 0.0, 0.0, 0.0
NODE_0000251, 0.9999767400696834, 1.5029322020957654e-05, 1.7337833537211248e-07, 1.7652813602399112e-07, 3.2486381357641763e-06, 4.6320636886794005e-06
|A/cattle/USA/24-012346-001/2024|H5N1|MP||B3.13|cattle|Colorado|2024-05-01, 1.0, 0.0, 0.0, 0.0, 0.0, 0.0
NODE_0000252, 0.9999767604766729, 1.5015797599903554e-05, 1.7334819057018078e-07, 1.7337150697451483e-07, 3.247261841850152e-06, 4.629744187671549e-06
|A/cattle/USA/24-012341-013/2024|H5N1|MP||B3.13|cattle|Idaho|2024-05-01, 1.0, 0.0, 0.0, 0.0, 0.0, 0.0
NODE_0000253, 0.9999767610291554, 1.5015350206091543e-05, 1.7334784816939105e-07, 1.7334778879165486e-07, 3.2472337030079727e-06, 4.6296912983394894e-06
|A/cattle/Texas/24-009367-004/2024|H5N1|MP||B3.13|cattle|Texas|2024-03-25, 1.0, 0.0, 0.0, 0.0, 0.0, 0.0
NODE_0000254, 0.9999767610458902, 1.5015335433828254e-05, 1.733478432774137e-07, 1.7334760912598901e-07, 3.247233128251704e-06, 4.629690095362348e-06
|A/cattle/New_Mexico/24-009309-002/2024|H5N1|MP||B3.13|cattle|New_Mexico|2024-03-16, 1.0, 0.0, 0.0, 0.0, 0.0, 0.0
NODE_0000255, 0.9999767610464168, 1.501533494785408e-05, 1.7334784317875983e-07, 1.733476077206052e-07, 3.2472331164201316e-06, 4.629690067930767e-06
|A/cattle/USA/24-010202-004/2024|H5N1|MP||B3.13|cattle|Ohio|2024-04-18, 1.0, 0.0, 0.0, 0.0, 0.0, 0.0
NODE_0000256, 0.9999767610463876, 1.5015334977970412e-05, 1.7334784318229317e-07, 1.733476077143689e-07, 3.2472331162497416e-06, 4.629690067418449e-06
|A/cattle/Texas/24-009308-004/2024|H5N1|MP||B3.13|cattle|Texas|2024-03-19, 1.0, 0.0, 0.0, 0.0, 0.0, 0.0
NODE_0000257, 0.9999767610449813, 1.5015336378047381e-05, 1.733478433686037e-07, 1.7334760790060612e-07, 3.2472331185655496e-06, 4.629690070898846e-06
|A/cattle/USA/24-010661-008/2024|H5N1|MP||B3.13|cattle|Michigan|2024-04-21, 1.0, 0.0, 0.0, 0.0, 0.0, 0.0
NODE_0000258, 0.9999767610023368, 1.5015378838220823e-05, 1.7334784901768844e-07, 1.7334761354968378e-07, 3.2472331880644335e-06, 4.629690174407602e-06
|A/cattle/USA/24-011573-009/2024|H5N1|MP||B3.13|cattle|Idaho|2024-05-02, 0.9999999999999999, 0.0, 0.0, 0.0, 0.0, 0.0
NODE_0000259, 0.9999767597096972, 1.5016666042702341e-05, 1.73348020195085e-07, 1.73347784726899e-07, 3.2472352516348953e-06, 4.629693203506081e-06
|A/cattle/USA/24-010202-009/2024|H5N1|MP||B3.13|cattle|Ohio|2024-04-18, 1.0, 0.0, 0.0, 0.0, 0.0, 0.0
NODE_0000260, 0.999976720529613, 1.5055688387811173e-05, 1.733532041602809e-07, 1.7335296868660704e-07, 3.247295642943359e-06, 4.629780183416471e-06
|A/cattle/USA/24-012341-015/2024|H5N1|MP||B3.13|cattle|Idaho|2024-05-01, 1.0, 0.0, 0.0, 0.0, 0.0, 0.0
NODE_0000261, 0.9999755330872536, 1.6238674179251223e-05, 1.7350987472565608e-07, 1.735096390867522e-07, 3.249018023991097e-06, 4.632201029284904e-06
|A/cattle/South_Dakota/24-010354-010-300/2024|H5N1|MP||B3.13|cattle|South_Dakota|2024-04-05, 1.0, 0.0, 0.0, 0.0, 0.0, 0.0
NODE_0000262, 0.9999395501699454, 5.210164158143685e-05, 1.7820570065348256e-07, 1.782054601219026e-07, 3.2958071849366555e-06, 4.695970127389331e-06
|A/cattle/USA/24-011573-012/2024|H5N1|MP||B3.13|cattle|Idaho|2024-05-02, 1.0, 0.0, 0.0, 0.0, 0.0, 0.0
NODE_0000263, 0.9988494162616325, 0.0011393124468298235, 3.139088430797338e-07, 3.1390846610731487e-07, 4.442658635977152e-06, 6.200815592434645e-06
|A/cattle/Kansas/24-009497-006/2024|H5N1|MP||B3.13|cattle|Kansas|2024-03-25, 0.9999999999999999, 0.0, 0.0, 0.0, 0.0, 0.0
NODE_0000264, 0.9658355204286155, 0.03409897321419787, 3.5652547155014826e-06, 3.5652513511680588e-06, 2.561746130044832e-05, 3.275838981943691e-05
|A/cat/Texas/24-008764-001/2024|H5N1|MP||B3.13|domestic-mammal|Texas|2024-03-22, 0.0, 1.0, 0.0, 0.0, 0.0, 0.0
NODE_0000265, 0.9988399399346399, 0.0011487887090568208, 3.1390551804169274e-07, 3.1390514107370615e-07, 4.442677197169519e-06, 6.2008684468152255e-06
|A/cattle/Texas/24-009367-011/2024|H5N1|MP||B3.13|cattle|Texas|2024-03-25, 1.0, 0.0, 0.0, 0.0, 0.0, 0.0
NODE_0000266, 0.9999259661490842, 6.567191353461874e-05, 1.787319725281202e-07, 1.7873173145081089e-07, 3.3011497809100664e-06, 4.703323896190289e-06
|A/cattle/Texas/24-009109-006/2024|H5N1|MP||B3.13|cattle|Texas|2024-03-20, 0.9999999999999999, 0.0, 0.0, 0.0, 0.0, 0.0
NODE_0000267, 0.9998468454520475, 0.00014458112244316644, 1.886183212431652e-07, 1.8861807022411546e-07, 3.3841841349096287e-06, 4.8120049829648395e-06
|A/cattle/Texas/24-009109-007/2024|H5N1|MP||B3.13|cattle|Texas|2024-03-20, 0.9999999999999999, 0.0, 0.0, 0.0, 0.0, 0.0
NODE_0000268, 0.9963620999590048, 0.003622495943181016, 5.65117536337958e-07, 5.651169293993071e-07, 6.055972125231614e-06, 8.217891223243224e-06
|A/cattle/Texas/24-009499-002/2024|H5N1|MP|||cattle|Texas|2024-03-17, 0.9999999999999999, 0.0, 0.0, 0.0, 0.0, 0.0
NODE_0000269, 0.8908440858695645, 0.1090945216608947, 3.380681938200398e-06, 3.380678777149704e-06, 2.3982644670269267e-05, 3.064846415524799e-05
|A/cat/New_Mexico/24-009116-004/2024|H5N1|MP||B3.13|domestic-mammal|New_Mexico|2024-03-20, 0.0, 1.0, 0.0, 0.0, 0.0, 0.0
NODE_0000270, 0.9202846030121504, 0.07970108255916347, 5.242366622490424e-07, 5.242361152144013e-07, 5.605973451237311e-06, 7.65998245729903e-06
|A/cattle/New_Mexico/24-009306-004/2024|H5N1|MP||B3.13|cattle|New_Mexico|2024-03-25, 0.9999999999999999, 0.0, 0.0, 0.0, 0.0, 0.0
NODE_0000271, 0.8908467745561733, 0.1090918327638319, 3.380696255392382e-06, 3.3806930943298455e-06, 2.398272584919823e-05, 3.064856479597019e-05
|A/cat/Oklahoma/24-009118-002/2024|H5N1|MP||B3.13|domestic-mammal|Oklahoma|2024-03-20, 0.0, 1.0, 0.0, 0.0, 0.0, 0.0
NODE_0000272, 0.9963715761003072, 0.003613019638215869, 5.651253706750937e-07, 5.651247637259423e-07, 6.056041428351181e-06, 8.217969914013225e-06
|A/cattle/Ohio/24-009586-001/2024|H5N1|MP||B3.13|cattle|Ohio|2024-03-29, 0.9999999999999999, 0.0, 0.0, 0.0, 0.0, 0.0
NODE_0000273, 0.9998577316793282, 0.00013369961361747176, 1.8844485893576055e-07, 1.8844460809441177e-07, 3.382364959365466e-06, 4.809452627756797e-06
|A/cattle/Texas/24-009495-008/2024|H5N1|MP||B3.13|cattle|Texas|2024-03-21, 1.0, 0.0, 0.0, 0.0, 0.0, 0.0
NODE_0000274, 0.999972832453837, 1.893028240973735e-05, 1.7386272180418972e-07, 1.738624857973558e-07, 3.2525393346657776e-06, 4.636999211087281e-06
|A/cattle/Texas/24-009310-009/2024|H5N1|MP|||cattle|Texas|2024-03-21, 1.0, 0.0, 0.0, 0.0, 0.0, 0.0
NODE_0000275, 0.9999766314085257, 1.5144474525889056e-05, 1.73364965912142e-07, 1.733647304260604e-07, 3.2474251050776208e-06, 4.629962147099437e-06
|A/cattle/North_Carolina/24-010327-003-300/2024|H5N1|MP||B3.13|cattle|North_Carolina|2024-04-04, 0.9999999999999999, 0.0, 0.0, 0.0, 0.0, 0.0
NODE_0000276, 0.9999767567691207, 1.5019594770503085e-05, 1.733484092917757e-07, 1.7334817382317792e-07, 3.2472397880127444e-06, 4.629699737703811e-06
|A/cattle/USA/24-012341-017/2024|H5N1|MP||B3.13|cattle|Idaho|2024-05-01, 0.9999999999999999, 0.0, 0.0, 0.0, 0.0, 0.0
NODE_0000277, 0.9999767609053204, 1.5015475446242604e-05, 1.7334786186524852e-07, 1.733476263972305e-07, 3.2472333430177097e-06, 4.629690401886946e-06
|A/cattle/USA/24-013710-004/2024|H5N1|MP|||cattle|USA|2024-04-01, 1.0, 0.0, 0.0, 0.0, 0.0, 0.0
NODE_0000278, 0.9999767610417806, 1.5015339564776785e-05, 1.7334784379258303e-07, 1.733476083245845e-07, 3.2472331237830536e-06, 4.629690078670949e-06
|A/cattle/Ohio/24-009586-002/2024|H5N1|MP||B3.13|cattle|Ohio|2024-03-29, 0.9999999999999999, 0.0, 0.0, 0.0, 0.0, 0.0
NODE_0000279, 0.9999767610462825, 1.5015335082554307e-05, 1.733478431962142e-07, 1.7334760772821622e-07, 3.2472331164188843e-06, 4.62969006769883e-06
|A/cattle/New_Mexico/24-009309-001/2024|H5N1|MP||B3.13|cattle|New_Mexico|2024-03-16, 0.9999999999999999, 0.0, 0.0, 0.0, 0.0, 0.0
NODE_0000280, 0.9999767610464291, 1.5015334935091485e-05, 1.7334784317708705e-07, 1.7334760770908882e-07, 3.247233116186682e-06, 4.629690068762952e-06
|A/cattle/Texas/24-009108-003/2024|H5N1|MP||B3.13|cattle|Texas|2024-03-20, 1.0, 0.0, 0.0, 0.0, 0.0, 0.0
NODE_0000281, 0.9999767610463577, 1.5015334941858111e-05, 1.7334784320015053e-07, 1.733476077321526e-07, 3.24723311672805e-06, 4.6296901327202254e-06
|A/cattle/USA/24-011573-007/2024|H5N1|MP||B3.13|cattle|Idaho|2024-04-22, 1.0, 0.0, 0.0, 0.0, 0.0, 0.0
NODE_0000282, 0.9999767610431362, 1.5015335286867082e-05, 1.7334784423321807e-07, 1.733476087652187e-07, 3.247233139047912e-06, 4.629692984970713e-06
|A/cattle/USA/24-012314-001/2024|H5N1|MP||B3.13|cattle|Michigan|2024-05-01, 1.0, 0.0, 0.0, 0.0, 0.0, 0.0
NODE_0000283, 0.9999767609048569, 1.5015345402599095e-05, 1.7334788951392897e-07, 1.733476540458792e-07, 3.2472340305377816e-06, 4.629820166566284e-06
|A/cattle/Kansas/24-009497-009/2024|H5N1|MP||B3.13|cattle|Kansas|2024-03-25, 1.0, 0.0, 0.0, 0.0, 0.0, 0.0
NODE_0000284, 0.9999767549037875, 1.5015636550346866e-05, 1.7334987958898027e-07, 1.7334964411872486e-07, 3.2472687490118206e-06, 4.635491389364928e-06
|A/cattle/Michigan/24-009027-002/2024|H5N1|MP||B3.13|cattle|Michigan|2024-03-24, 1.0, 0.0, 0.0, 0.0, 0.0, 0.0
NODE_0000285, 0.9999764923984122, 1.5023771658427898e-05, 1.7343711221027805e-07, 1.734368766445573e-07, 3.2485695052813466e-06, 4.888386435166971e-06
|A/cattle/South_Dakota/24-010354-004-300/2024|H5N1|MP||B3.13|cattle|South_Dakota|2024-04-05, 0.9999999999999999, 0.0, 0.0, 0.0, 0.0, 0.0
NODE_0000286, 0.9999649458121262, 1.5239607043060363e-05, 1.7720122551909853e-07, 1.7720098595377884e-07, 3.2943148598106577e-06, 1.6165863759429198e-05
|A/cattle/USA/24-013710-001/2024|H5N1|MP|||cattle|USA|2024-04-01, 1.0, 0.0, 0.0, 0.0, 0.0, 0.0
NODE_0000287, 0.999455127524977, 2.04120229516017e-05, 3.307569805939662e-07, 3.3075658790175137e-07, 4.723832714320386e-06, 0.0005190751057886
|A/cattle/USA/24-011573-013/2024|H5N1|MP||B3.13|cattle|Idaho|2024-04-22, 1.0, 0.0, 0.0, 0.0, 0.0, 0.0
NODE_0000288, 0.9768889509337596, 0.00011621277673766508, 5.3578457093505025e-06, 5.357840900309482e-06, 3.799364306500184e-05, 0.022946126959828197
|A/grackle/Texas/24-008356-003/2024|H5N1|MP||B3.13|wild-bird|Texas|2024-03-18, 0.0, 0.0, 0.0, 0.0, 0.0, 1.0
NODE_0000289, 0.999398498016092, 6.980726932725123e-05, 3.3988529500585367e-07, 3.3988489437094777e-07, 4.793366588375635e-06, 0.0005262215778029004
|A/cattle/Texas/24-010513-002/2024|H5N1|MP||B3.13|cattle|Texas|2024-03-20, 1.0, 0.0, 0.0, 0.0, 0.0, 0.0
NODE_0000290, 0.9988179422625917, 0.0011552668282505173, 3.2084235220646165e-07, 3.2084196895520885e-07, 4.50673007083969e-06, 2.1642494765818116e-05
|A/cattle/USA/24-013710-009/2024|H5N1|MP|||cattle|USA|2024-04-01, 1.0, 0.0, 0.0, 0.0, 0.0, 0.0
NODE_0000291, 0.9658252661099818, 0.03410738467252172, 3.5670403180864124e-06, 3.5670369525480745e-06, 2.5627677245541874e-05, 3.4587462980237914e-05
|A/cat/New_Mexico/24-009116-002/2024|H5N1|MP||B3.13|domestic-mammal|New_Mexico|2024-03-20, 0.0, 1.0, 0.0, 0.0, 0.0, 0.0
NODE_0000292, 0.9988490968354997, 0.0011395900721165068, 3.139600485235602e-07, 3.1395967150127506e-07, 4.4431094253669275e-06, 6.2420632385447605e-06
|A/cattle/USA/24-010202-011/2024|H5N1|MP||B3.13|cattle|Ohio|2024-04-18, 1.0, 0.0, 0.0, 0.0, 0.0, 0.0
NODE_0000293, 0.999939540056285, 5.2110803069146536e-05, 1.7820723504149237e-07, 1.7820699450830474e-07, 3.295823673704991e-06, 4.696902742631156e-06
|A/cattle/Texas/24-009028-002/2024|H5N1|MP||B3.13|cattle|Texas|2024-03-20, 1.0, 0.0, 0.0, 0.0, 0.0, 0.0
NODE_0000294, 0.9999755327631451, 1.6238976465245222e-05, 1.735099219994489e-07, 1.73509686360495e-07, 3.249018585615877e-06, 4.6322221956670186e-06
|A/cattle/USA/24-012225-019/2024|H5N1|MP||B3.13|cattle|Colorado|2024-04-27, 1.0, 0.0, 0.0, 0.0, 0.0, 0.0
NODE_0000295, 0.9999767205191353, 1.5055698360967514e-05, 1.7335320564563324e-07, 1.7335297017195807e-07, 3.2472956614965935e-06, 4.629780666413209e-06
|A/cattle/USA/24-012225-029/2024|H5N1|MP||B3.13|cattle|Colorado|2024-04-27, 0.9999999999999999, 0.0, 0.0, 0.0, 0.0, 0.0
NODE_0000296, 0.9999767597093564, 1.501666637172192e-05, 1.7334802024242537e-07, 1.733477847742395e-07, 3.247235252240141e-06, 4.629693214612657e-06
|A/cattle/Texas/24-009776-015/2024|H5N1|MP||B3.13|cattle|Texas|2024-03-10, 1.0, 0.0, 0.0, 0.0, 0.0, 0.0
NODE_0000297, 0.9999767610023257, 1.5015378849074346e-05, 1.733478490192126e-07, 1.7334761355120822e-07, 3.2472331880841016e-06, 4.629690174665749e-06
|A/cattle/USA/24-013710-003/2024|H5N1|MP|||cattle|USA|2024-04-01, 0.9999999999999999, 0.0, 0.0, 0.0, 0.0, 0.0
NODE_0000298, 0.9999767610449809, 1.5015336378387753e-05, 1.7334784336865083e-07, 1.7334760790065244e-07, 3.2472331185662674e-06, 4.6296900709045944e-06
|A/cattle/South_Dakota/24-010354-003/2024|H5N1|MP||B3.13|cattle|South_Dakota|2024-04-05, 0.9999999999999999, 0.0, 0.0, 0.0, 0.0, 0.0
NODE_0000299, 0.999976761046388, 1.5015334977446212e-05, 1.7334784318222057e-07, 1.7334760771422234e-07, 3.247233116254399e-06, 4.629690067404152e-06
|A/cattle/Texas/24-009495-004/2024|H5N1|MP|||cattle|Texas|2024-03-21, 1.0, 0.0, 0.0, 0.0, 0.0, 0.0
NODE_0000300, 0.9999767610464336, 1.5015334931606222e-05, 1.7334784317635635e-07, 1.7334760770835814e-07, 3.247233116671909e-06, 4.62969006730602e-06
|A/cattle/South_Dakota/24-010354-017-300/2024|H5N1|MP||B3.13|cattle|South_Dakota|2024-04-05, 1.0, 0.0, 0.0, 0.0, 0.0, 0.0
NODE_0000301, 0.9999767610463984, 1.5015334941292515e-05, 1.7334784318949055e-07, 1.7334760772149226e-07, 3.2472331414891923e-06, 4.6296900680863625e-06
|A/cattle/USA/24-010327-004/2024|H5N1|MP||B3.13|cattle|North_Carolina|2024-04-19, 1.0, 0.0, 0.0, 0.0, 0.0, 0.0
NODE_0000302, 0.9999767610447836, 1.5015335277167538e-05, 1.7334784382604565e-07, 1.733476083580465e-07, 3.247234387075424e-06, 4.6296900999426686e-06
|A/cattle/USA/24-010661-005/2024|H5N1|MP||B3.13|cattle|Michigan|2024-04-21, 1.0, 0.0, 0.0, 0.0, 0.0, 0.0
NODE_0000303, 0.9999767609709439, 1.5015345264338224e-05, 1.733478747068216e-07, 1.733476392387873e-07, 3.2472969051032333e-06, 4.6296913725722465e-06
|A/cattle/Texas/24-009087-001/2024|H5N1|MP||B3.13|cattle|Texas|2024-03-20, 0.9999999999999999, 0.0, 0.0, 0.0, 0.0, 0.0
NODE_0000304, 0.9999767574872707, 1.5015638199645228e-05, 1.733493853140988e-07, 1.73349149844339e-07, 3.2504350422857805e-06, 4.6297409523902436e-06
|A/cattle/Texas/24-009308-002/2024|H5N1|MP|||cattle|Texas|2024-03-19, 0.9999999999999999, 0.0, 0.0, 0.0, 0.0, 0.0
NODE_0000305, 0.9999765895631677, 1.5024026834950136e-05, 1.7342321247732938e-07, 1.7342297692471844e-07, 3.407964143652315e-06, 4.631599664416776e-06
|A/cattle/Idaho/24-009491-001/2024|H5N1|MP||B3.13|cattle|Idaho|2024-03-27, 1.0, 0.0, 0.0, 0.0, 0.0, 0.0
NODE_0000306, 0.9999683793929787, 1.5253717355912171e-05, 1.7696723903389862e-07, 1.7696699965075249e-07, 1.1315915021366991e-05, 4.697040405535106e-06
|A/cattle/USA/24-010071-018/2024|H5N1|MP||B3.13|cattle|Michigan|2024-04-18, 1.0, 0.0, 0.0, 0.0, 0.0, 0.0
NODE_0000307, 0.9995632917393532, 2.098477487070255e-05, 3.3673147972545253e-07, 3.367310800239006e-07, 0.00040830324771991966, 6.746775496446725e-06
|A/cattle/Texas/24-008660-002/2024|H5N1|MP||B3.13|cattle|Texas|2024-03-20, 1.0, 0.0, 0.0, 0.0, 0.0, 0.0
NODE_0000308, 0.9794622464909735, 0.0001330564544508827, 6.056130105376522e-06, 6.056124709136291e-06, 0.020337791463192503, 5.4793336568902545e-05
|A/chicken/Texas/24-007264-001/2024|H5N1|MP||B3.13|poultry|Texas|2024-03-07, 0.0, 0.0, 0.0, 0.0, 1.0, 0.0
NODE_0000309, 0.9994853124555719, 8.762059253757904e-05, 3.502773508879138e-07, 3.502769393778545e-07, 0.000416889662542702, 9.476735057485818e-06
|A/cattle/USA/24-011573-004/2024|H5N1|MP||B3.13|cattle|Idaho|2024-04-22, 0.9999999999999999, 0.0, 0.0, 0.0, 0.0, 0.0
NODE_0000310, 0.9983713101908149, 0.001522237469291106, 4.0091827467990425e-07, 4.0091781552162203e-07, 1.750532042414568e-05, 8.81451833795998e-05
|A/cattle/Texas/24-009308-008/2024|H5N1|MP||B3.13|cattle|Texas|2024-03-19, 1.0, 0.0, 0.0, 0.0, 0.0, 0.0
NODE_0000311, 0.9512855053873185, 0.045043563441695036, 6.704005384294532e-06, 6.7040002052141955e-06, 3.853223926840637e-05, 0.0036189909261285496
|A/cat/Texas/24-008850-002/2024|H5N1|MP||B3.13|domestic-mammal|Texas|2024-03-20, 0.0, 1.0, 0.0, 0.0, 0.0, 0.0
NODE_0000312, 0.9616187913693889, 0.008037319458359476, 9.553953651060144e-06, 9.553946577685858e-06, 5.149051068063551e-05, 0.030273290761342334
|A/pigeon/Texas/24-008765-001/2024|H5N1|MP||B3.13|wild-bird|Texas|2024-03-20, 0.0, 0.0, 0.0, 0.0, 0.0, 0.9999999999999999
NODE_0000313, 0.9990277744181338, 0.0002823561426442832, 4.266942766458008e-07, 4.2669379405029625e-07, 5.4169405805965534e-06, 0.0006835991105704778
|A/cattle/Michigan/24-010071-002/2024|H5N1|MP||B3.13|cattle|Michigan|2024-04-01, 1.0, 0.0, 0.0, 0.0, 0.0, 0.0
NODE_0000314, 0.9999525638652069, 2.389491688982435e-05, 1.796538208346076e-07, 1.7965357868998997e-07, 3.3194933896536792e-06, 1.9862417113926343e-05
|A/cattle/USA/24-010354-007/2024|H5N1|MP||B3.13|cattle|South_Dakota|2024-04-21, 0.9999999999999999, 0.0, 0.0, 0.0, 0.0, 0.0
NODE_0000315, 0.9999761224326745, 1.5309654240883686e-05, 1.7350384077312513e-07, 1.7350360513555827e-07, 3.2493874939215515e-06, 4.971518144665014e-06
|A/cattle/South_Dakota/24-010354-011/2024|H5N1|MP||B3.13|cattle|South_Dakota|2024-04-05, 1.0, 0.0, 0.0, 0.0, 0.0, 0.0
NODE_0000316, 0.9999767422290967, 1.5026404340157447e-05, 1.7335195258904594e-07, 1.733517171165581e-07, 3.24729629538372e-06, 4.637366597926977e-06
|A/cattle/Kansas/24-009497-010/2024|H5N1|MP||B3.13|cattle|Kansas|2024-03-25, 0.9999999999999999, 0.0, 0.0, 0.0, 0.0, 0.0
NODE_0000317, 0.9999767200437044, 1.5056000098561634e-05, 1.733533048324513e-07, 1.733530693586672e-07, 3.2472973186726306e-06, 4.6299525041206906e-06
|A/cattle/Michigan/24-009027-001/2024|H5N1|MP||B3.13|cattle|Michigan|2024-03-24, 1.0, 0.0, 0.0, 0.0, 0.0, 0.0
NODE_0000318, 0.999975533408215, 1.6238350414549383e-05, 1.735098335246519e-07, 1.7350959788579118e-07, 3.2490176319890874e-06, 4.632204307078892e-06
|A/cattle/USA/24-012341-008/2024|H5N1|MP||B3.13|cattle|Idaho|2024-05-01, 1.0, 0.0, 0.0, 0.0, 0.0, 0.0
NODE_0000319, 0.9999395603599012, 5.209147901422802e-05, 1.7820442533681202e-07, 1.7820418480651616e-07, 3.2957964012326065e-06, 4.69595607315099e-06
|A/cattle/USA/24-012341-021/2024|H5N1|MP||B3.13|cattle|Idaho|2024-05-01, 0.9999999999999999, 0.0, 0.0, 0.0, 0.0, 0.0
NODE_0000320, 0.9988497248992583, 0.0011390043245032466, 3.138775503528333e-07, 3.138771734090628e-07, 4.442457502033656e-06, 6.2005640129116386e-06
|A/cattle/South_Dakota/24-010354-005-300/2024|H5N1|MP||B3.13|cattle|South_Dakota|2024-04-05, 1.0, 0.0, 0.0, 0.0, 0.0, 0.0
NODE_0000321, 0.9658448609959559, 0.034089632157966884, 3.565277536948591e-06, 3.5652741725901354e-06, 2.5617656304746398e-05, 3.275863806301594e-05
|A/cat/New_Mexico/24-009116-005/2024|H5N1|MP||B3.13|domestic-mammal|New_Mexico|2024-03-20, 0.0, 1.0, 0.0, 0.0, 0.0, 0.0
NODE_0000322, 0.9988497249001111, 0.0011390043236527223, 3.1387755035191213e-07, 3.1387717340814194e-07, 4.4424575020057594e-06, 6.2005640103159756e-06
|A/cattle/Texas/24-009495-003/2024|H5N1|MP||B3.13|cattle|Texas|2024-03-21, 0.9999999999999999, 0.0, 0.0, 0.0, 0.0, 0.0
NODE_0000323, 0.9999395603612083, 5.2091477797059357e-05, 1.7820442525829984e-07, 1.7820418472800389e-07, 3.2957963999218217e-06, 4.695955984753518e-06
|A/cattle/South_Dakota/24-010354-020/2024|H5N1|MP||B3.13|cattle|South_Dakota|2024-04-05, 1.0, 0.0, 0.0, 0.0, 0.0, 0.0
NODE_0000324, 0.9999755334236429, 1.623833891447585e-05, 1.7350983077512325e-07, 1.7350959513626546e-07, 3.249017585310391e-06, 4.6322004314621385e-06
|A/cattle/Texas/24-008749-005/2024|H5N1|MP||B3.13|cattle|Texas|2024-03-20, 0.9999999999999999, 0.0, 0.0, 0.0, 0.0, 0.0
NODE_0000325, 0.999976720540714, 1.5055677328673982e-05, 1.733532026952431e-07, 1.7335296722157102e-07, 3.2472956268162757e-06, 4.629780160747506e-06
|A/cattle/USA/24-010661-004/2024|H5N1|MP||B3.13|cattle|Michigan|2024-04-21, 1.0, 0.0, 0.0, 0.0, 0.0, 0.0
NODE_0000326, 0.9999767597100636, 1.5016665677902113e-05, 1.7334802014661928e-07, 1.7334778467843354e-07, 3.2472352510698223e-06, 4.629693202692098e-06
|A/cattle/Texas/24-009029-001/2024|H5N1|MP||B3.13|cattle|Texas|2024-03-21, 1.0, 0.0, 0.0, 0.0, 0.0, 0.0
NODE_0000327, 0.9999767610023489, 1.5015378826186814e-05, 1.7334784901608791e-07, 1.733476135480835e-07, 3.247233188045131e-06, 4.629690174379257e-06
|A/cattle/USA/24-011573-014/2024|H5N1|MP||B3.13|cattle|Idaho|2024-04-22, 1.0, 0.0, 0.0, 0.0, 0.0, 0.0
NODE_0000328, 0.9999767610449818, 1.5015336377632347e-05, 1.733478433685483e-07, 1.733476079005499e-07, 3.247233118564779e-06, 4.629690070897526e-06
|A/cattle/USA/24-012377-006/2024|H5N1|MP||B3.13|cattle|Michigan|2024-05-01, 1.0, 0.0, 0.0, 0.0, 0.0, 0.0
NODE_0000329, 0.999976761046388, 1.5015334977408556e-05, 1.7334784318221046e-07, 1.7334760771421225e-07, 3.2472331162442943e-06, 4.6296900674034956e-06
|A/cattle/USA/24-010071-017/2024|H5N1|MP||B3.13|cattle|Michigan|2024-04-18, 1.0, 0.0, 0.0, 0.0, 0.0, 0.0
NODE_0000330, 0.9999767610464346, 1.5015334931220304e-05, 1.7334784317606296e-07, 1.7334760770806475e-07, 3.2472331161671762e-06, 4.629690067286434e-06
|A/cattle/Texas/24-009028-003/2024|H5N1|MP||B3.13|cattle|Texas|2024-03-20, 1.0, 0.0, 0.0, 0.0, 0.0, 0.0
NODE_0000331, 0.9999767610464361, 1.501533492969837e-05, 1.7334784317586046e-07, 1.7334760770786252e-07, 3.247233116164623e-06, 4.62969006728254e-06
|A/cattle/Texas/24-009495-012/2024|H5N1|MP||B3.13|cattle|Texas|2024-03-21, 1.0, 0.0, 0.0, 0.0, 0.0, 0.0
NODE_0000332, 0.999976761046436, 1.5015334929698379e-05, 1.7334784317586052e-07, 1.73347607707862e-07, 3.247233116164625e-06, 4.6296900672825376e-06
|A/cattle/Texas/24-009110-008/2024|H5N1|MP||B3.13|cattle|Texas|2024-03-14, 1.0, 0.0, 0.0, 0.0, 0.0, 0.0
NODE_0000333, 0.9999767610464344, 1.5015334931220285e-05, 1.7334784317606325e-07, 1.7334760770806467e-07, 3.247233116167175e-06, 4.629690067286431e-06
|A/cattle/USA/24-010071-020/2024|H5N1|MP||B3.13|cattle|Michigan|2024-04-18, 1.0, 0.0, 0.0, 0.0, 0.0, 0.0
NODE_0000334, 0.9999767610463881, 1.5015334977408561e-05, 1.7334784318221067e-07, 1.733476077142124e-07, 3.247233116244293e-06, 4.6296900674035e-06
|A/cattle/New_Mexico/24-009309-004/2024|H5N1|MP||B3.13|cattle|New_Mexico|2024-03-16, 1.0, 0.0, 0.0, 0.0, 0.0, 0.0
NODE_0000335, 0.9999767610449816, 1.5015336377632337e-05, 1.7334784336854818e-07, 1.7334760790055003e-07, 3.2472331185647775e-06, 4.629690070897526e-06
|A/cattle/Kansas/24-008767-001/2024|H5N1|MP||B3.13|cattle|Kansas|2024-03-20, 1.0, 0.0, 0.0, 0.0, 0.0, 0.0
NODE_0000336, 0.9999767610023489, 1.501537882618694e-05, 1.7334784901608797e-07, 1.7334761354808365e-07, 3.247233188045129e-06, 4.629690174379261e-06
|A/cattle/USA/24-013170-011/2024|H5N1|MP|||cattle|USA|2024-04-01, 1.0, 0.0, 0.0, 0.0, 0.0, 0.0
NODE_0000337, 0.9999767597100635, 1.5016665677906167e-05, 1.7334802014661965e-07, 1.73347784678434e-07, 3.247235251069827e-06, 4.629693202692109e-06
|A/cattle/USA/24-012377-001/2024|H5N1|MP||B3.13|cattle|Michigan|2024-05-01, 1.0, 0.0, 0.0, 0.0, 0.0, 0.0
NODE_0000338, 0.9999767205407135, 1.5055677328796997e-05, 1.733532026952595e-07, 1.7335296722158736e-07, 3.247295626816453e-06, 4.6297801607477575e-06
|A/cattle/USA/24-012341-022/2024|H5N1|MP||B3.13|cattle|Idaho|2024-05-01, 1.0, 0.0, 0.0, 0.0, 0.0, 0.0
NODE_0000339, 0.9999755334236391, 1.6238338918205227e-05, 1.735098307756122e-07, 1.7350959513675446e-07, 3.2490175853152664e-06, 4.632200431468789e-06
|A/cattle/South_Dakota/24-010354-009-300/2024|H5N1|MP||B3.13|cattle|South_Dakota|2024-04-05, 1.0, 0.0, 0.0, 0.0, 0.0, 0.0
NODE_0000340, 0.999939560361095, 5.2091477910118455e-05, 1.7820442527248725e-07, 1.7820418474219118e-07, 3.2957964000418006e-06, 4.69595598491073e-06
|A/cattle/USA/24-010786-002/2024|H5N1|MP||B3.13|cattle|Michigan|2024-04-16, 1.0, 0.0, 0.0, 0.0, 0.0, 0.0
NODE_0000341, 0.9988497248966779, 0.0011390043270801985, 3.1387755070000074e-07, 3.138771737562309e-07, 4.442457504243782e-06, 6.2005640131096e-06
|A/cattle/South_Dakota/24-010354-002/2024|H5N1|MP||B3.13|cattle|South_Dakota|2024-04-05, 1.0, 0.0, 0.0, 0.0, 0.0, 0.0
NODE_0000342, 0.9658448608920541, 0.034089632261874225, 3.565277536694612e-06, 3.56527417233617e-06, 2.561765630261275e-05, 3.275863806003645e-05
|A/cat/Texas/24-009311-006/2024|H5N1|MP||B3.13|domestic-mammal|Texas|2024-03-16, 0.0, 1.0, 0.0, 0.0, 0.0, 0.0
NODE_0000343, 0.9988497247904142, 0.0011390044333422777, 3.138775506639909e-07, 3.138771737202204e-07, 4.442457504789885e-06, 6.200564014456215e-06
|A/cattle/Texas/24-008749-002/2024|H5N1|MP||B3.13|cattle|Texas|2024-03-20, 1.0, 0.0, 0.0, 0.0, 0.0, 0.0
NODE_0000344, 0.9999395602087325, 5.209163008001477e-05, 1.7820443124283752e-07, 1.782041907125354e-07, 3.2957964725221075e-06, 4.6959560928748495e-06
|A/cattle/Texas/24-008749-004/2024|H5N1|MP||B3.13|cattle|Texas|2024-03-20, 1.0, 0.0, 0.0, 0.0, 0.0, 0.0
NODE_0000345, 0.9999755319788531, 1.6239778077461966e-05, 1.7351000789576434e-07, 1.7350977225671897e-07, 3.2490197211540313e-06, 4.632203568128017e-06
|A/cattle/USA/24-012314-002/2024|H5N1|MP||B3.13|cattle|Michigan|2024-05-01, 1.0, 0.0, 0.0, 0.0, 0.0, 0.0
NODE_0000346, 0.9999766799258455, 1.5096128864486374e-05, 1.7335856246241872e-07, 1.7335832698307274e-07, 3.2473581433819466e-06, 4.629870257130486e-06
|A/cattle/USA/24-011573-017/2024|H5N1|MP||B3.13|cattle|Idaho|2024-05-02, 1.0, 0.0, 0.0, 0.0, 0.0, 0.0
NODE_0000347, 0.9999755319559631, 1.6239800686306148e-05, 1.7351001096267924e-07, 1.735097753236303e-07, 3.2490199501336786e-06, 4.632203614065776e-06
|A/cattle/USA/24-012377-005/2024|H5N1|MP||B3.13|cattle|Michigan|2024-05-01, 1.0, 0.0, 0.0, 0.0, 0.0, 0.0
NODE_0000348, 0.9999395595105053, 5.2092316197041696e-05, 1.7820452316332014e-07, 1.782042826329241e-07, 3.2958072146743835e-06, 4.69595727731564e-06
|A/cattle/USA/24-013395-002/2024|H5N1|MP|||cattle|USA|2024-04-01, 0.9999999999999999, 0.0, 0.0, 0.0, 0.0, 0.0
NODE_0000349, 0.9988497034443758, 0.001139025231966898, 3.138800427832901e-07, 3.13879665837176e-07, 4.442973797367618e-06, 6.2005901512906195e-06
|A/cattle/Texas/24-009028-008/2024|H5N1|MP||B3.13|cattle|Texas|2024-03-20, 1.0, 0.0, 0.0, 0.0, 0.0, 0.0
NODE_0000350, 0.9658442048220244, 0.03409026271326953, 3.5653067784430946e-06, 3.5653034140638856e-06, 2.5642879876949596e-05, 3.275897463661696e-05
|A/cat/Texas/24-008764-002/2024|H5N1|MP||B3.13|domestic-mammal|Texas|2024-03-22, 0.0, 1.0, 0.0, 0.0, 0.0, 0.0
NODE_0000351, 0.9988488792516352, 0.0011396274354841614, 3.1401358963663074e-07, 3.1401321256159623e-07, 4.662178899475626e-06, 6.203107178931808e-06
|A/cattle/USA/24-010071-015/2024|H5N1|MP||B3.13|cattle|Michigan|2024-04-18, 1.0, 0.0, 0.0, 0.0, 0.0, 0.0
NODE_0000352, 0.9999305239339212, 5.2869353677275826e-05, 1.8192020860411106e-07, 1.819199640863129e-07, 1.147891760211939e-05, 4.76395462672852e-06
|A/cattle/USA/24-012377-002/2024|H5N1|MP||B3.13|cattle|Michigan|2024-05-01, 1.0, 0.0, 0.0, 0.0, 0.0, 0.0
NODE_0000353, 0.9995621373876313, 2.223113274484322e-05, 3.368511682127321e-07, 3.3685076841693745e-07, 0.00040821990046355987, 6.737877223703775e-06
|A/cattle/USA/24-013710-006/2024|H5N1|MP|||cattle|USA|2024-04-01, 1.0, 0.0, 0.0, 0.0, 0.0, 0.0
NODE_0000354, 0.9794904073992716, 0.00012045339830213323, 6.048515372334471e-06, 6.048509980547996e-06, 0.020322757942315986, 5.4284234757366735e-05
|A/chicken/Kansas/24-010482-001/2024|H5N1|MP||B3.13|poultry|Kansas|2024-04-08, 0.0, 0.0, 0.0, 0.0, 1.0, 0.0
NODE_0000355, 0.9995640216695124, 2.0567472858086903e-05, 3.365415801770105e-07, 3.365411806544167e-07, 0.0004080034944767455, 6.734280391875121e-06
|A/cattle/Ohio/24-009586-005/2024|H5N1|MP||B3.13|cattle|Ohio|2024-03-29, 0.9999999999999999, 0.0, 0.0, 0.0, 0.0, 0.0
NODE_0000356, 0.999968399485857, 1.5239920559079693e-05, 1.7696259548875821e-07, 1.7696235611051754e-07, 1.1309934512066751e-05, 4.696734120290685e-06
|A/cattle/USA/24-010661-013/2024|H5N1|MP||B3.13|cattle|Michigan|2024-04-21, 1.0, 0.0, 0.0, 0.0, 0.0, 0.0
NODE_0000357, 0.9999765901461228, 1.5023571096794777e-05, 1.7342309469059719e-07, 1.7342285913811438e-07, 3.4078447016572917e-06, 4.631592124789678e-06
|A/cattle/USA/24-010071-016/2024|H5N1|MP||B3.13|cattle|Michigan|2024-04-18, 1.0, 0.0, 0.0, 0.0, 0.0, 0.0
NODE_0000358, 0.9999767575048997, 1.5015623153818539e-05, 1.7334938215929636e-07, 1.7334914668953993e-07, 3.2504326527959722e-06, 4.629740764943209e-06
|A/cattle/Ohio/24-009586-008/2024|H5N1|MP||B3.13|cattle|Ohio|2024-03-29, 0.9999999999999999, 0.0, 0.0, 0.0, 0.0, 0.0
NODE_0000359, 0.9999767609714935, 1.5015344767776315e-05, 1.7334787461755374e-07, 1.7334763914951935e-07, 3.2472968571688867e-06, 4.629691367837829e-06
|A/cattle/Texas/24-008749-008/2024|H5N1|MP||B3.13|cattle|Texas|2024-03-20, 1.0, 0.0, 0.0, 0.0, 0.0, 0.0
NODE_0000360, 0.9999767610448012, 1.501533526078094e-05, 1.733478438233984e-07, 1.7334760835539947e-07, 3.2472343861095205e-06, 4.629690099820472e-06
|A/cattle/Kansas/24-009497-007/2024|H5N1|MP||B3.13|cattle|Kansas|2024-03-25, 0.9999999999999999, 0.0, 0.0, 0.0, 0.0, 0.0
NODE_0000361, 0.999976761046399, 1.5015334940699954e-05, 1.7334784318940243e-07, 1.7334760772140417e-07, 3.247233141469503e-06, 4.629690068082986e-06
|A/cattle/Michigan/24-009027-010/2024|H5N1|MP||B3.13|cattle|Michigan|2024-03-24, 1.0, 0.0, 0.0, 0.0, 0.0, 0.0
NODE_0000362, 0.9999767610464352, 1.5015334930012016e-05, 1.7334784317614387e-07, 1.7334760770814565e-07, 3.2472331166688675e-06, 4.629690067301888e-06
|A/cattle/Texas/24-009110-020/2024|H5N1|MP||B3.13|cattle|Texas|2024-03-14, 1.0, 0.0, 0.0, 0.0, 0.0, 0.0
NODE_0000363, 0.9999767610464361, 1.5015334929656864e-05, 1.733478431758597e-07, 1.733476077078615e-07, 3.2472331161745907e-06, 4.62969006728287e-06
|A/cattle/South_Dakota/24-010354-005/2024|H5N1|MP||B3.13|cattle|South_Dakota|2024-04-05, 1.0, 0.0, 0.0, 0.0, 0.0, 0.0
NODE_0000364, 0.999976761046436, 1.5015334929645099e-05, 1.7334784317585337e-07, 1.7334760770785514e-07, 3.247233116164734e-06, 4.629690067282425e-06
|A/cattle/Texas/24-009776-001/2024|H5N1|MP||B3.13|cattle|Texas|2024-03-10, 1.0, 0.0, 0.0, 0.0, 0.0, 0.0
NODE_0000365, 0.9999767610464361, 1.501533492964513e-05, 1.7334784317585347e-07, 1.733476077078556e-07, 3.247233116164545e-06, 4.629690067283137e-06
|A/cattle/USA/24-013710-008/2024|H5N1|MP|||cattle|USA|2024-04-01, 1.0, 0.0, 0.0, 0.0, 0.0, 0.0
NODE_0000366, 0.9999767610464361, 1.5015334929657721e-05, 1.7334784317586642e-07, 1.7334760770786824e-07, 3.2472331161648642e-06, 4.629690067315306e-06
|A/cattle/Texas/24-009108-005/2024|H5N1|MP||B3.13|cattle|Texas|2024-03-20, 1.0, 0.0, 0.0, 0.0, 0.0, 0.0
NODE_0000367, 0.9999767610464343, 1.501533493003599e-05, 1.7334784317641392e-07, 1.7334760770841603e-07, 3.2472331161782232e-06, 4.629690068749358e-06
|A/cattle/Texas/24-009108-007/2024|H5N1|MP||B3.13|cattle|Texas|2024-03-20, 1.0, 0.0, 0.0, 0.0, 0.0, 0.0
NODE_0000368, 0.9999767610463582, 1.5015334941328253e-05, 1.7334784320006866e-07, 1.7334760773207075e-07, 3.2472331167268973e-06, 4.629690132685994e-06
|A/cattle/Texas/24-009109-005/2024|H5N1|MP||B3.13|cattle|Texas|2024-03-20, 1.0, 0.0, 0.0, 0.0, 0.0, 0.0
NODE_0000369, 0.9999767610431487, 1.5015335275846505e-05, 1.7334784423124382e-07, 1.7334760876324448e-07, 3.247233139018874e-06, 4.629692983476745e-06
|A/cattle/South_Dakota/24-010354-012-300/2024|H5N1|MP||B3.13|cattle|South_Dakota|2024-04-05, 1.0, 0.0, 0.0, 0.0, 0.0, 0.0
NODE_0000370, 0.9999767609052578, 1.501534506884987e-05, 1.7334788944691303e-07, 1.733476539788633e-07, 3.2472340295621013e-06, 4.629820100355848e-06
|A/cattle/South_Dakota/24-010354-018-300/2024|H5N1|MP||B3.13|cattle|South_Dakota|2024-04-05, 1.0, 0.0, 0.0, 0.0, 0.0, 0.0
NODE_0000371, 0.9999767549168751, 1.5015626440534999e-05, 1.7334987723793876e-07, 1.7334964176768597e-07, 3.2472687162219284e-06, 4.635488449213834e-06
|A/cattle/Texas/24-009110-018/2024|H5N1|MP||B3.13|cattle|Texas|2024-03-14, 1.0, 0.0, 0.0, 0.0, 0.0, 0.0
NODE_0000372, 0.9999764928365341, 1.5023465528993953e-05, 1.7343702679243986e-07, 1.7343679122681105e-07, 3.2485684208849685e-06, 4.888255697984894e-06
|A/cattle/Texas/24-009367-007/2024|H5N1|MP||B3.13|cattle|Texas|2024-03-25, 1.0, 0.0, 0.0, 0.0, 0.0, 0.0
NODE_0000373, 0.9999649609362187, 1.5230342371667863e-05, 1.7719801650853632e-07, 1.7719777694658087e-07, 3.2942806106110997e-06, 1.6160045005757995e-05
|A/cattle/USA/24-013170-012/2024|H5N1|MP|||cattle|USA|2024-04-01, 1.0, 0.0, 0.0, 0.0, 0.0, 0.0
NODE_0000374, 0.9994556680385686, 2.0131863271916158e-05, 3.306334675936114e-07, 3.306330750178834e-07, 4.722866339858344e-06, 0.0005188159652771443
|A/cattle/South_Dakota/24-010354-002-300/2024|H5N1|MP||B3.13|cattle|South_Dakota|2024-04-05, 0.9999999999999999, 0.0, 0.0, 0.0, 0.0, 0.0
NODE_0000375, 0.9769089875801954, 0.00010775091509297107, 5.35311259757003e-06, 5.353107791309692e-06, 3.7974240458789096e-05, 0.022934581043864064
|A/blackbird/Texas/24-008354-001/2024|H5N1|MP||B3.13|wild-bird|Texas|2024-03-16, 0.0, 0.0, 0.0, 0.0, 0.0, 0.9999999999999999
NODE_0000376, 0.9994537641857761, 2.1761256353494456e-05, 3.309377952158136e-07, 3.309374023714578e-07, 4.725423353778791e-06, 0.0005190872593189557
|A/cattle/Texas/24-008749-001/2024|H5N1|MP||B3.13|cattle|Texas|2024-03-20, 1.0, 0.0, 0.0, 0.0, 0.0, 0.0
NODE_0000377, 0.9999270647637163, 5.283625172469876e-05, 1.8216222134810285e-07, 1.82161976643531e-07, 3.3435439175471035e-06, 1.6391116443662234e-05
|A/cattle/Texas/24-009109-008/2024|H5N1|MP||B3.13|cattle|Texas|2024-03-20, 1.0, 0.0, 0.0, 0.0, 0.0, 0.0
NODE_0000378, 0.9988487612995384, 0.0011396194910745971, 3.140388089800946e-07, 3.1403843188523683e-07, 4.444281148796147e-06, 6.546850997315974e-06
|A/cattle/Michigan/24-010071-005/2024|H5N1|MP||B3.13|cattle|Michigan|2024-04-01, 1.0, 0.0, 0.0, 0.0, 0.0, 0.0
NODE_0000379, 0.9658441823978224, 0.0340902694099889, 3.5653168869836924e-06, 3.5653135225985593e-06, 2.561791930299996e-05, 3.279964247633598e-05
|A/cat/New_Mexico/24-009116-001/2024|H5N1|MP|||domestic-mammal|New_Mexico|2024-03-20, 0.0, 1.0, 0.0, 0.0, 0.0, 0.0
NODE_0000380, 0.9988497029563254, 0.0011390253044994657, 3.1388020480183516e-07, 3.1387982785556327e-07, 4.4424781185995975e-06, 6.201501024014378e-06
|A/cattle/USA/24-011574-001/2024|H5N1|MP||B3.13|cattle|Idaho|2024-04-22, 1.0, 0.0, 0.0, 0.0, 0.0, 0.0
NODE_0000381, 0.9999395597085826, 5.209210952369587e-05, 1.7820451731361828e-07, 1.782042767832298e-07, 3.295796753117429e-06, 4.695976346485888e-06
|A/cattle/South_Dakota/24-010354-001/2024|H5N1|MP||B3.13|cattle|South_Dakota|2024-04-05, 0.9999999999999999, 0.0, 0.0, 0.0, 0.0, 0.0
NODE_0000382, 0.9999755340654191, 1.6237777011736203e-05, 1.7350966072726517e-07, 1.7350942508871387e-07, 3.248990995132823e-06, 4.632147488402877e-06
|A/cattle/Michigan/24-010071-009/2024|H5N1|MP||B3.13|cattle|Michigan|2024-04-01, 1.0, 0.0, 0.0, 0.0, 0.0, 0.0
NODE_0000383, 0.9999767406652745, 1.5039251648654278e-05, 1.7334013905332405e-07, 1.733399036055757e-07, 3.2459819569562093e-06, 4.627421077175031e-06
|A/cattle/USA/24-010786-003/2024|H5N1|MP||B3.13|cattle|Michigan|2024-04-16, 1.0, 0.0, 0.0, 0.0, 0.0, 0.0
NODE_0000384, 0.9999774283266915, 1.4520481644519318e-05, 1.7195303171415691e-07, 1.719527987212187e-07, 3.1820274206687153e-06, 4.525258412817829e-06
|A/cattle/USA/24-010071-004/2024|H5N1|MP|||cattle|USA|2024-04-01, 1.0, 0.0, 0.0, 0.0, 0.0, 0.0
|A/cattle/USA/24-011802-001/2024|H5N1|MP||B3.13|cattle|South_Dakota|2024-05-02, 1.0, 0.0, 0.0, 0.0, 0.0, 0.0
